job_title,seniority_level,status,company,location,post_date,headquarter,industry,ownership,company_size,revenue,salary,skills,min_salary,max_salary,skills_list,avg_salary,salary_clean,revenue_numeric,company_size_numeric
data scientist,senior,hybrid,company_003,"Grapevine, TX",17 days ago,"Bentonville, AR, US",Retail,Public,352440000000.0,,100472 - 200938,"['spark', 'r', 'python', 'scala', 'machine learning', 'tensorflow']",100472,200938.0,"['spark', 'r', 'python', 'scala', 'machine learning', 'tensorflow']",150705.0,100472 - 200938,,352440000000.0
data scientist,lead,hybrid,company_005,"Fort Worth, TX",15 days ago,"Detroit, MI, US",Manufacturing,Public,155030.0,51100000000.0,118733,"['spark', 'r', 'python', 'sql', 'machine learning']",118733,118733.0,"['spark', 'r', 'python', 'sql', 'machine learning']",118733.0,118733,51100000000.0,155030.0
data scientist,senior,on-site,company_007,"Austin, TX",a month ago,"Redwood City, CA, US",Technology,Public,25930.0,33799999999.999996,94987 - 159559,"['aws', 'git', 'python', 'docker', 'sql', 'machine learning', 'gcp', 'kubernetes', 'deep learning']",94987,159559.0,"['aws', 'git', 'python', 'docker', 'sql', 'machine learning', 'gcp', 'kubernetes', 'deep learning']",127273.0,94987 - 159559,33799999999.999996,25930.0
data scientist,senior,hybrid,company_008,"Chicago, IL",8 days ago,"San Jose, CA, US",Technology,Public,34690.0,81710000000.0,112797 - 194402,"['sql', 'r', 'python']",112797,194402.0,"['sql', 'r', 'python']",153599.5,112797 - 194402,81710000000.0,34690.0
data scientist,,on-site,company_009,On-site,3 days ago,"Stamford, CT, US",Finance,Private,1800.0,,114172 - 228337,[],114172,228337.0,[],171254.5,114172 - 228337,,1800.0
data scientist,lead,,company_013,"New York, NY",3 months ago,"New York, NY, US",Technology,Private,150.0,2160000000.0,196371 - 251170,"['scikit-learn', 'python', 'scala', 'sql', 'machine learning', 'tensorflow']",196371,251170.0,"['scikit-learn', 'python', 'scala', 'sql', 'machine learning', 'tensorflow']",223770.5,196371 - 251170,2160000000.0,150.0
data scientist,junior,,company_014,"Berkeley, CA",15 days ago,"Berkeley, CA, US",Education,,17471.0,,51330 - 70144,[],51330,70144.0,[],60737.0,51330 - 70144,,17471.0
machine learning engineer,senior,on-site,company_015,"Menlo Park, CA",9 days ago,"Menlo Park, CA, US",Technology,Public,900.0,,121480 - 132440,['machine learning'],121480,132440.0,['machine learning'],126960.0,121480 - 132440,,900.0
data scientist,senior,remote,company_019,Fully Remote,6 days ago,"Boston, MA, US",Technology,Private,126.0,,207331,[],207331,207331.0,[],207331.0,207331,,126.0
data scientist,senior,on-site,company_021,On-site,a day ago,"San Francisco, CA, US",Technology,Public,5520.0,61060000000.0,219201,[],219201,219201.0,[],219201.0,219201,61060000000.0,5520.0
data scientist,senior,,company_022,"Atlanta, GA",15 days ago,"Charlotte, NC, US",Technology,Public,103010.0,128130000000.0,96815,"['pytorch', 'r', 'python', 'sql', 'machine learning', 'keras', 'deep learning', 'tensorflow']",96815,96815.0,"['pytorch', 'r', 'python', 'sql', 'machine learning', 'keras', 'deep learning', 'tensorflow']",96815.0,96815,128130000000.0,103010.0
data scientist,midlevel,,company_027,Greater Vancouver Metropolitan Area,6 days ago,"Vancouver, BC, CA",Education,,240.0,,62697 - 89293,"['java', 'git', 'python']",62697,89293.0,"['java', 'git', 'python']",75995.0,62697 - 89293,,240.0
data scientist,senior,remote,company_029,"Minneapolis, MN",8 days ago,"Golden Valley, MN, US",Manufacturing,Public,21030.0,43180000000.0,99464 - 165954,"['sql', 'machine learning', 'python']",99464,165954.0,"['sql', 'machine learning', 'python']",132709.0,99464 - 165954,43180000000.0,21030.0
data scientist,senior,on-site,company_031,"Titusville, NJ",19 days ago,"New Brunswick, NJ, US",Healthcare,Public,128890.0,413020000000.0,112343 - 117823,"['sql', 'machine learning', 'r', 'python']",112343,117823.0,"['sql', 'machine learning', 'r', 'python']",115083.0,112343 - 117823,413020000000.0,128890.0
data scientist,senior,on-site,company_034,"Arlington, VA",a month ago,"Baltimore, MD, US",Technology,Private,45.0,,127867 - 150700,"['pandas', 'powerbi', 'python', 'java', 'sql', 'machine learning', 'tableau']",127867,150700.0,"['pandas', 'powerbi', 'python', 'java', 'sql', 'machine learning', 'tableau']",139283.5,127867 - 150700,,45.0
data scientist,senior,remote,company_037,Fully Remote,14 days ago,"San Francisco, CA, US",Finance,Private,300.0,,134266,[],134266,134266.0,[],134266.0,134266,,300.0
data scientist,lead,,company_038,"Bengaluru, Karnataka, India",6 days ago,"Kista, SE",Technology,Public,132000.0,17410000000.0,52746,"['spark', 'aws', 'r', 'python', 'machine learning', 'gcp', 'deep learning', 'hadoop', 'azure']",52746,52746.0,"['spark', 'aws', 'r', 'python', 'machine learning', 'gcp', 'deep learning', 'hadoop', 'azure']",52746.0,52746,17410000000.0,132000.0
data scientist,lead,on-site,company_039,"Charlotte, NC",8 days ago,"San Francisco, CA, US",Finance,Public,257150.0,163380000000.0,126956 - 198196,"['aws', 'r', 'python', 'sql', 'machine learning', 'azure', 'tableau']",126956,198196.0,"['aws', 'r', 'python', 'sql', 'machine learning', 'azure', 'tableau']",162576.0,126956 - 198196,163380000000.0,257150.0
data scientist,senior,remote,company_040,Fully Remote,13 days ago,"San Francisco, CA, US",Education,Private,130.0,1290000000.0,185412 - 228338,[],185412,228338.0,[],206875.0,185412 - 228338,1290000000.0,130.0
machine learning engineer,junior,,company_041,"Basel, Basel, Switzerland",19 days ago,"BS, CH",Healthcare,Public,93580.0,247180000000.0,80123,"['pytorch', 'python', 'machine learning', 'deep learning', 'tensorflow']",80123,80123.0,"['pytorch', 'python', 'machine learning', 'deep learning', 'tensorflow']",80123.0,80123,247180000000.0,93580.0
data scientist,senior,on-site,company_043,"Toronto, Ontario, Canada",8 days ago,"Toronto, ON, CA",Finance,Public,44010.0,,72611,"['pytorch', 'spark', 'git', 'r', 'python', 'sql', 'machine learning', 'tensorflow']",72611,72611.0,"['pytorch', 'spark', 'git', 'r', 'python', 'sql', 'machine learning', 'tensorflow']",72611.0,72611,,44010.0
data scientist,senior,on-site,company_044,"Findlay, OH",8 days ago,"Findlay, OH, US",Energy,Public,11610.0,51400000000.0,95265 - 164221,"['pytorch', 'scikit-learn', 'python', 'machine learning', 'deep learning', 'tensorflow']",95265,164221.0,"['pytorch', 'scikit-learn', 'python', 'machine learning', 'deep learning', 'tensorflow']",129743.0,95265 - 164221,51400000000.0,11610.0
data scientist,senior,on-site,company_045,"Toronto, Ontario, Canada",6 days ago,"Toronto, ON, CA",Technology,Private,300.0,,85044,"['airflow', 'spark', 'machine learning', 'python']",85044,85044.0,"['airflow', 'spark', 'machine learning', 'python']",85044.0,85044,,300.0
data scientist,senior,,company_046,"San Francisco, CA",3 months ago,"San Francisco, CA, US",Technology,Private,100.0,913330000.0,146141 - 210074,[],146141,210074.0,[],178107.5,146141 - 210074,913330000.0,100.0
data scientist,lead,,company_047,"Bengaluru, Karnataka, India",a month ago,"Bengaluru, KA, IN",Technology,Public,222070.0,24360000000.0,10049,"['deep learning', 'machine learning']",10049,10049.0,"['deep learning', 'machine learning']",10049.0,10049,24360000000.0,222070.0
data scientist,,remote,company_048,"Remote, US",3 months ago,"San Francisco, CA, US",Technology,Private,340.0,1490000000.0,91335 - 109601,[],91335,109601.0,[],100468.0,91335 - 109601,1490000000.0,340.0
data scientist,senior,,company_049,"Huntsville, AL",15 days ago,"Kent, WA, US",Technology,Private,3780.0,,125171 - 175240,"['aws', 'git', 'r', 'python', 'docker', 'machine learning', 'kubernetes', 'deep learning', 'azure']",125171,175240.0,"['aws', 'git', 'r', 'python', 'docker', 'machine learning', 'kubernetes', 'deep learning', 'azure']",150205.5,125171 - 175240,,3780.0
data scientist,senior,,company_050,"San Francisco, CA",8 days ago,"San Francisco, CA, US",Education,Private,807.0,3450000000.0,150707,"['sql', 'machine learning', 'r', 'python']",150707,150707.0,"['sql', 'machine learning', 'r', 'python']",150707.0,150707,3450000000.0,807.0
data scientist,senior,on-site,company_051,"Laurel, MD",a month ago,"Laurel, MD, US",Technology,,8010.0,,210071,['python'],210071,210071.0,['python'],210071.0,210071,,8010.0
machine learning engineer,senior,,company_052,"Amsterdam, North Holland, Netherlands",a month ago,"San Francisco, CA, US",Technology,Public,26950.0,53200000000.0,72515,"['sql', 'machine learning', 'python']",72515,72515.0,"['sql', 'machine learning', 'python']",72515.0,72515,53200000000.0,26950.0
data scientist,lead,on-site,company_054,"Richmond, VA",7 days ago,"Washington, DC, US",Technology,Public,4820.0,29920000000.0,112288,"['machine learning', 'python']",112288,112288.0,"['machine learning', 'python']",112288.0,112288,29920000000.0,4820.0
data scientist,lead,hybrid,company_057,"Seattle, WA",25 days ago,"Seattle, WA, US",Retail,Public,157200.0,,132437,"['r', 'python', 'sql', 'machine learning', 'tableau']",132437,132437.0,"['r', 'python', 'sql', 'machine learning', 'tableau']",132437.0,132437,,157200.0
data scientist,senior,hybrid,company_061,"Manchester, England, United Kingdom",15 days ago,"Manchester, GB",Technology,Public,1320.0,,45669 - 63936,"['spark', 'python', 'airflow', 'sql', 'machine learning']",45669,63936.0,"['spark', 'python', 'airflow', 'sql', 'machine learning']",54802.5,45669 - 63936,,1320.0
data scientist,senior,on-site,company_054,"Richmond, VA",7 days ago,"Washington, DC, US",Technology,Public,4780.0,30070000000.0,112291,"['machine learning', 'python']",112291,112291.0,"['machine learning', 'python']",112291.0,112291,30070000000.0,4780.0
,midlevel,,company_064,"Barcelona, Catalonia, Spain",7 days ago,"Barcelona, CT, ES",Technology,,900.0,,28068,"['git', 'r', 'python', 'linux', 'bash']",28068,28068.0,"['git', 'r', 'python', 'linux', 'bash']",28068.0,28068,,900.0
data scientist,senior,on-site,company_065,"Toronto, Ontario, Canada",3 days ago,"Cherry Hill, NJ, US",Technology,Private,26070.0,,83298 - 124946,"['pandas', 'numpy', 'scikit-learn', 'python', 'sql', 'azure', 'tableau']",83298,124946.0,"['pandas', 'numpy', 'scikit-learn', 'python', 'sql', 'azure', 'tableau']",104122.0,83298 - 124946,,26070.0
data scientist,senior,hybrid,company_066,"Foster City, CA",3 years ago,"Foster City, CA, US",Technology,Private,1790.0,,198201 - 269440,[],198201,269440.0,[],233820.5,198201 - 269440,,1790.0
data scientist,senior,hybrid,company_067,"San Francisco, CA, US",19 days ago,"San Francisco, CA, US",Technology,Public,5260.0,14350000000.0,260211,[],260211,260211.0,[],260211.0,260211,14350000000.0,5260.0
data scientist,lead,,company_069,United States,a month ago,"Chicago, IL, US",Technology,Private,210.0,,114355,"['pytorch', 'spark', 'scikit-learn', 'python', 'neural network', 'machine learning', 'deep learning', 'tensorflow']",114355,114355.0,"['pytorch', 'spark', 'scikit-learn', 'python', 'neural network', 'machine learning', 'deep learning', 'tensorflow']",114355.0,114355,,210.0
data scientist,midlevel,on-site,company_071,"Cambridge, MA",15 days ago,"Cambridge, MA, US",Technology,Public,9070.0,,144311 - 198198,"['r', 'python', 'sql', 'machine learning', 'tableau']",144311,198198.0,"['r', 'python', 'sql', 'machine learning', 'tableau']",171254.5,144311 - 198198,,9070.0
data scientist,senior,,company_075,"Atlanta, GA",20 days ago,"Atlanta, GA, US",Technology,Public,9030.0,49860000000.0,105035,"['sql', 'machine learning', 'tableau', 'python']",105035,105035.0,"['sql', 'machine learning', 'tableau', 'python']",105035.0,105035,49860000000.0,9030.0
data scientist,senior,remote,company_077,United States,2 months ago,"Phoenix, AZ, US",Technology,Private,60.0,,155272 - 164406,"['sql', 'machine learning', 'tableau', 'python']",155272,164406.0,"['sql', 'machine learning', 'tableau', 'python']",159839.0,155272 - 164406,,60.0
data scientist,senior,on-site,company_078,"San Diego, CA",9 days ago,"San Diego, CA, US",Technology,Public,41020.0,111150000000.0,140661,"['pytorch', 'python', 'docker', 'sql', 'neural network', 'kubernetes', 'tensorflow']",140661,140661.0,"['pytorch', 'python', 'docker', 'sql', 'neural network', 'kubernetes', 'tensorflow']",140661.0,140661,111150000000.0,41020.0
data scientist,senior,hybrid,company_080,"Toronto, Ontario, Canada",8 days ago,"Toronto, ON, CA",Finance,Public,26040.0,,73739,"['machine learning', 'r', 'python']",73739,73739.0,"['machine learning', 'r', 'python']",73739.0,73739,,26040.0
data scientist,senior,hybrid,company_081,"New York, NY",6 days ago,"San Francisco, CA, US",Technology,Public,5050.0,4670000000.0,135178 - 168971,[],135178,168971.0,[],152074.5,135178 - 168971,4670000000.0,5050.0
data scientist,senior,on-site,company_084,On-site,14 days ago,"Cary, NC, US",Technology,Private,990.0,29170000000.0,228515,[],228515,228515.0,[],228515.0,228515,29170000000.0,990.0
data scientist,senior,,company_089,"New York, NY",8 days ago,"Washington, DC, US",Finance,Public,2290.0,,137007 - 159840,"['aws', 'git', 'python', 'sql', 'machine learning']",137007,159840.0,"['aws', 'git', 'python', 'sql', 'machine learning']",148423.5,137007 - 159840,,2290.0
machine learning engineer,senior,,company_049,"Seattle, WA",15 days ago,"Kent, WA, US",Technology,Private,3810.0,,162184 - 227055,"['pandas', 'pytorch', 'aws', 'python', 'docker', 'machine learning', 'kubernetes', 'deep learning', 'azure', 'tensorflow']",162184,227055.0,"['pandas', 'pytorch', 'aws', 'python', 'docker', 'machine learning', 'kubernetes', 'deep learning', 'azure', 'tensorflow']",194619.5,162184 - 227055,,3810.0
data scientist,senior,hybrid,company_092,"McLean, VA",8 days ago,"Toronto, ON, CA",Technology,Public,24040.0,,92833 - 172402,"['java', 'machine learning', 'r', 'python']",92833,172402.0,"['java', 'machine learning', 'r', 'python']",132617.5,92833 - 172402,,24040.0
data scientist,lead,on-site,company_093,"Seattle, Washington, United States",12 days ago,"Seattle, WA, US",Technology,Private,46.0,,210070 - 228336,[],210070,228336.0,[],219203.0,210070 - 228336,,46.0
data scientist,senior,,company_094,"Warsaw, Mazowieckie, Poland",3 months ago,"Seattle, WA, US",Technology,Private,330.0,913330000.0,67594 - 86774,"['pandas', 'pytorch', 'r', 'python', 'machine learning', 'tensorflow']",67594,86774.0,"['pandas', 'pytorch', 'r', 'python', 'machine learning', 'tensorflow']",77184.0,67594 - 86774,913330000.0,330.0
data scientist,senior,on-site,company_095,On-site,3 months ago,"Sunnyvale, CA, US",Technology,Private,5.0,,123307 - 191806,[],123307,191806.0,[],157556.5,123307 - 191806,,5.0
data scientist,senior,on-site,company_096,"San Francisco, California, United States",20 days ago,"San Francisco, CA, US",Finance,Private,950.0,11430000000.0,219199 - 273999,[],219199,273999.0,[],246599.0,219199 - 273999,11430000000.0,950.0
data scientist,,,company_098,"Bangalore, Karnataka",5 months ago,"Bengaluru, KA, IN",Technology,Private,750.0,4930000000.0,41302,[],41302,41302.0,[],41302.0,41302,4930000000.0,750.0
data scientist,senior,hybrid,company_099,"Toronto, Ontario, Canada",7 days ago,"Calgary, AB, CA",Technology,Public,23860.0,27920000000.0,75128 - 79194,"['sql', 'tableau', 'python']",75128,79194.0,"['sql', 'tableau', 'python']",77161.0,75128 - 79194,27920000000.0,23860.0
data scientist,senior,on-site,company_100,"Rock Island, IL",3 months ago,"Hook, GB",Technology,Public,28840.0,,77667 - 129442,"['scikit-learn', 'r', 'python', 'java', 'machine learning']",77667,129442.0,"['scikit-learn', 'r', 'python', 'java', 'machine learning']",103554.5,77667 - 129442,,28840.0
data scientist,midlevel,,company_101,"Cambridge, England, United Kingdom",8 days ago,"Cambridge, GB",Education,,10933.0,,31175,[],31175,31175.0,[],31175.0,31175,,10933.0
data scientist,midlevel,remote,company_103,"Oregon, United States",4 days ago,"Beaverton, OR, US",Manufacturing,Public,99620.0,133030000000.0,19420 - 98368,"['pandas', 'powerbi', 'r', 'python', 'sql', 'neural network', 'machine learning', 'deep learning', 'tableau']",19420,98368.0,"['pandas', 'powerbi', 'r', 'python', 'sql', 'neural network', 'machine learning', 'deep learning', 'tableau']",58894.0,19420 - 98368,133030000000.0,99620.0
machine learning engineer,senior,,company_106,"Pune, Maharashtra, India",4 days ago,"København, DK",Logistics,Private,38090.0,34170000000.0,26757,"['spark', 'aws', 'powerbi', 'python', 'docker', 'sql', 'machine learning', 'gcp', 'kubernetes', 'deep learning', 'azure']",26757,26757.0,"['spark', 'aws', 'powerbi', 'python', 'docker', 'sql', 'machine learning', 'gcp', 'kubernetes', 'deep learning', 'azure']",26757.0,26757,34170000000.0,38090.0
data scientist,senior,,company_089,"Denver, CO",8 days ago,"Washington, DC, US",Finance,Public,2300.0,,137005 - 159838,"['aws', 'git', 'python', 'sql', 'machine learning']",137005,159838.0,"['aws', 'git', 'python', 'sql', 'machine learning']",148421.5,137005 - 159838,,2300.0
data scientist,senior,on-site,company_112,"San Francisco, California, United States",a month ago,"San Francisco, CA, US",Technology,Private,420.0,5100000000.0,148808,[],148808,148808.0,[],148808.0,148808,5100000000.0,420.0
data scientist,lead,on-site,company_113,"Charlotte, NC",8 days ago,"Mooresville, NC, US",Retail,Public,118910.0,,101935 - 193633,"['sql', 'deep learning', 'machine learning']",101935,193633.0,"['sql', 'deep learning', 'machine learning']",147784.0,101935 - 193633,,118910.0
data scientist,senior,hybrid,company_115,"Bengaluru, Karnataka, India",a month ago,"Frankfurt am Main, HE, DE",Finance,Public,68400.0,,24205,"['pytorch', 'aws', 'python', 'sql', 'gcp', 'azure', 'tensorflow']",24205,24205.0,"['pytorch', 'aws', 'python', 'sql', 'gcp', 'azure', 'tensorflow']",24205.0,24205,,68400.0
data scientist,senior,,company_116,"Chennai, Tamil Nadu, India",2 days ago,"Dearborn, MI, US",Technology,Public,187540.0,51930000000.0,13886,"['pandas', 'numpy', 'pytorch', 'powerbi', 'git', 'scikit-learn', 'python', 'java', 'sql', 'neural network', 'gcp', 'machine learning', 'matplotlib', 'tensorflow']",13886,13886.0,"['pandas', 'numpy', 'pytorch', 'powerbi', 'git', 'scikit-learn', 'python', 'java', 'sql', 'neural network', 'gcp', 'machine learning', 'matplotlib', 'tensorflow']",13886.0,13886,51930000000.0,187540.0
data scientist,senior,on-site,company_119,"Menlo Park, CA",15 days ago,"West Menlo Park, CA, US",Finance,Public,3810.0,7940000000.0,163491 - 191804,[],163491,191804.0,[],177647.5,163491 - 191804,7940000000.0,3810.0
data scientist,midlevel,,company_014,"Berkeley, CA",15 days ago,"Berkeley, CA, US",Education,,17451.0,,82193 - 122141,"['machine learning', 'database']",82193,122141.0,"['machine learning', 'database']",102167.0,82193 - 122141,,17451.0
data scientist,senior,remote,company_121,"Remote, United States",a month ago,"San Francisco, CA, US",Technology,Private,1290.0,3170000000.0,134541 - 174088,[],134541,174088.0,[],154314.5,134541 - 174088,3170000000.0,1290.0
data scientist,senior,on-site,company_100,"Rock Island, IL",3 months ago,"Hook, GB",Technology,Public,28810.0,,77671 - 129446,"['scikit-learn', 'r', 'python', 'java', 'machine learning']",77671,129446.0,"['scikit-learn', 'r', 'python', 'java', 'machine learning']",103558.5,77671 - 129446,,28810.0
data scientist,senior,remote,company_067,"San Francisco, CA, US",4 days ago,"San Francisco, CA, US",Technology,Public,5320.0,14200000000.0,306623,[],306623,306623.0,[],306623.0,306623,14200000000.0,5320.0
data scientist,senior,,company_126,United States,15 days ago,"San Francisco, CA, US",Finance,Private,30.0,,28501,[],28501,28501.0,[],28501.0,28501,,30.0
data scientist,senior,remote,company_021,Fully Remote,a day ago,"San Francisco, CA, US",Technology,Public,5550.0,60910000000.0,255732,[],255732,255732.0,[],255732.0,255732,60910000000.0,5550.0
data scientist,,remote,company_129,Fully Remote,8 days ago,"New York, NY, US",Finance,Private,45.0,,91335 - 228333,[],91335,228333.0,[],159834.0,91335 - 228333,,45.0
data scientist,senior,,company_022,"Pittsburgh, PA",7 days ago,"Charlotte, NC, US",Technology,Public,103070.0,128229999999.99998,96819,"['python', 'java', 'sql', 'kubernetes', 'azure']",96819,96819.0,"['python', 'java', 'sql', 'kubernetes', 'azure']",96819.0,96819,128229999999.99998,103070.0
data scientist,senior,on-site,company_134,"Seattle, WA",a month ago,"Seattle, WA, US",Retail,Public,865416.0,832860000000.0,219201,"['amazon', 'r', 'python', 'machine learning', 'deep learning']",219201,219201.0,"['amazon', 'r', 'python', 'machine learning', 'deep learning']",219201.0,219201,832860000000.0,865416.0
machine learning engineer,,on-site,company_135,"Taipei, Taiwan",a day ago,TW,Technology,Private,530.0,,36340,[],36340,36340.0,[],36340.0,36340,,530.0
data scientist,senior,hybrid,company_137,"Denver, CO",a month ago,"Denver, CO, US",Technology,Private,900.0,913330000.0,138833,"['spark', 'r', 'python', 'database', 'machine learning']",138833,138833.0,"['spark', 'r', 'python', 'database', 'machine learning']",138833.0,138833,913330000.0,900.0
data scientist,senior,remote,company_141,"Fort Worth, TX",a month ago,"Bethesda, MD, US",Technology,Public,108670.0,116780000000.0,100470 - 132436,['machine learning'],100470,132436.0,['machine learning'],116453.0,100470 - 132436,116780000000.0,108670.0
data scientist,senior,hybrid,company_145,"Austin, Texas",a day ago,"San Jose, CA, US",Technology,Public,2760.0,,200936,[],200936,200936.0,[],200936.0,200936,,2760.0
data scientist,senior,hybrid,company_146,"Toronto, ON",11 days ago,"San Francisco, CA, US",Finance,Private,780.0,11800000000.0,153442 - 210981,[],153442,210981.0,[],182211.5,153442 - 210981,11800000000.0,780.0
data scientist,senior,,company_148,"Orlando, FL",5 days ago,"Charlotte, NC, US",Finance,Public,14090.0,55900000000.0,88185,"['spark', 'r', 'python', 'sql', 'hadoop', 'machine learning']",88185,88185.0,"['spark', 'r', 'python', 'sql', 'hadoop', 'machine learning']",88185.0,88185,55900000000.0,14090.0
data scientist,senior,on-site,company_153,United States,15 days ago,"San Jose, CA, US",Technology,Private,900.0,,203676 - 253909,"['pytorch', 'spark', 'aws', 'scikit-learn', 'python', 'docker', 'deep learning', 'java', 'sql', 'machine learning', 'gcp', 'kubernetes', 'hadoop', 'azure', 'tensorflow']",203676,253909.0,"['pytorch', 'spark', 'aws', 'scikit-learn', 'python', 'docker', 'deep learning', 'java', 'sql', 'machine learning', 'gcp', 'kubernetes', 'hadoop', 'azure', 'tensorflow']",228792.5,203676 - 253909,,900.0
data scientist,lead,remote,company_155,"All, MO",15 days ago,"Chicago, IL, US",Technology,Public,2570.0,,146133 - 182666,"['aws', 'scikit-learn', 'python', 'sql', 'machine learning', 'tensorflow']",146133,182666.0,"['aws', 'scikit-learn', 'python', 'sql', 'machine learning', 'tensorflow']",164399.5,146133 - 182666,,2570.0
machine learning engineer,,on-site,company_156,"Mountain View, California HQ",8 days ago,"Mountain View, CA, US",Technology,Private,900.0,8100000000.0,138826 - 208239,[],138826,208239.0,[],173532.5,138826 - 208239,8100000000.0,900.0
data scientist,senior,on-site,company_158,"Reston, VA",4 days ago,"Falls Church, VA, US",Technology,Private,21690.0,,167600 - 225989,"['aws', 'git', 'python', 'java', 'kubernetes', 'machine learning']",167600,225989.0,"['aws', 'git', 'python', 'java', 'kubernetes', 'machine learning']",196794.5,167600 - 225989,,21690.0
data scientist,senior,remote,company_159,Fully Remote,2 months ago,"Roseville, CA, US",Technology,Private,900.0,11410000000.0,133351 - 155271,[],133351,155271.0,[],144311.0,133351 - 155271,11410000000.0,900.0
data scientist,senior,hybrid,company_164,"Redwood City, US, California",2 months ago,"München, BY, DE",Technology,Private,2010.0,12320000000.0,149786 - 195453,[],149786,195453.0,[],172619.5,149786 - 195453,12320000000.0,2010.0
data scientist,senior,on-site,company_166,"Veldhoven, North Brabant, Netherlands",21 days ago,"Veldhoven, NB, NL",Technology,Public,24780.0,173210000000.0,82371,['r'],82371,82371.0,['r'],82371.0,82371,173210000000.0,24780.0
data scientist,senior,remote,company_169,Fully Remote,4 days ago,"San Francisco, CA, US",Technology,Public,4080.0,7840000000.0,224774,[],224774,224774.0,[],224774.0,224774,7840000000.0,4080.0
data scientist,senior,,company_170,"Ridgefield, CT",10 days ago,"Ingelheim am Rhein, RP, DE",Technology,Public,52060.0,,127874 - 202766,"['pytorch', 'git', 'scikit-learn', 'python', 'docker', 'kubernetes', 'machine learning', 'tensorflow']",127874,202766.0,"['pytorch', 'git', 'scikit-learn', 'python', 'docker', 'kubernetes', 'machine learning', 'tensorflow']",165320.0,127874 - 202766,,52060.0
data scientist,senior,,company_171,"Pune, Maharashtra, India",15 days ago,"Armonk, NY, US",Technology,Public,524608.0,119430000000.0,27274 - 52695,"['pandas', 'pytorch', 'r', 'python', 'java', 'database', 'keras', 'machine learning', 'matplotlib', 'tensorflow']",27274,52695.0,"['pandas', 'pytorch', 'r', 'python', 'java', 'database', 'keras', 'machine learning', 'matplotlib', 'tensorflow']",39984.5,27274 - 52695,119430000000.0,524608.0
data scientist,,on-site,company_173,"San Mateo, CA",a month ago,"Burlingame, CA, US",Technology,Private,126.0,,109602 - 123302,[],109602,123302.0,[],116452.0,109602 - 123302,,126.0
data scientist,senior,on-site,company_176,On-site,11 days ago,"Mountain View, CA, US",Technology,Public,2790.0,,117189 - 185414,[],117189,185414.0,[],151301.5,117189 - 185414,,2790.0
data scientist,senior,on-site,company_177,"Omaha, NE",a month ago,"Newport Beach, CA, US",Finance,Public,4010.0,,149445 - 182654,"['scikit-learn', 'python', 'sql', 'machine learning', 'tensorflow']",149445,182654.0,"['scikit-learn', 'python', 'sql', 'machine learning', 'tensorflow']",166049.5,149445 - 182654,,4010.0
data scientist,senior,on-site,company_178,"Torrance, CA",3 days ago,"Torrance, CA, US",Technology,Public,10100.0,36690000000.0,63942,"['spark', 'r', 'python', 'hadoop', 'machine learning']",63942,63942.0,"['spark', 'r', 'python', 'hadoop', 'machine learning']",63942.0,63942,36690000000.0,10100.0
data scientist,senior,hybrid,company_179,"Los Angeles, CA",20 days ago,"Collingwood, VIC, AU",Technology,Private,150.0,1440000000.0,182668 - 214634,['amazon'],182668,214634.0,['amazon'],198651.0,182668 - 214634,1440000000.0,150.0
data scientist,midlevel,remote,company_181,"San Francisco, CA",8 days ago,"San Francisco, CA, US",Technology,Public,1290.0,,90877 - 141566,"['tableau', 'sql', 'r', 'python']",90877,141566.0,"['tableau', 'sql', 'r', 'python']",116221.5,90877 - 141566,,1290.0
data scientist,senior,hybrid,company_182,"Navi Mumbai, Maharashtra, India",a month ago,"Chicago, IL, US",Finance,Public,9920.0,,15542,"['pandas', 'numpy', 'pytorch', 'scikit-learn', 'python', 'docker', 'scipy', 'sql', 'machine learning', 'deep learning', 'matplotlib', 'tensorflow']",15542,15542.0,"['pandas', 'numpy', 'pytorch', 'scikit-learn', 'python', 'docker', 'scipy', 'sql', 'machine learning', 'deep learning', 'matplotlib', 'tensorflow']",15542.0,15542,,9920.0
data scientist,senior,hybrid,company_183,"Tallinn, Harjumaa, Estonia",15 days ago,"Tallinn, EE",Technology,Private,3770.0,,61772,"['pandas', 'numpy', 'spark', 'aws', 'scikit-learn', 'python', 'docker', 'airflow', 'sql', 'machine learning', 'deep learning']",61772,61772.0,"['pandas', 'numpy', 'spark', 'aws', 'scikit-learn', 'python', 'docker', 'airflow', 'sql', 'machine learning', 'deep learning']",61772.0,61772,,3770.0
data scientist,senior,on-site,company_184,"New York, NY",8 days ago,"New York, NY, US",Retail,Public,130040.0,5180000000.0,137004,['machine learning'],137004,137004.0,['machine learning'],137004.0,137004,5180000000.0,130040.0
data scientist,senior,,company_185,"Fairfax, VA",2 months ago,"Falls Church, VA, US",Technology,Public,97010.0,75000000000.0,171892 - 257744,"['pytorch', 'git', 'python', 'machine learning', 'keras', 'deep learning', 'tensorflow']",171892,257744.0,"['pytorch', 'git', 'python', 'machine learning', 'keras', 'deep learning', 'tensorflow']",214818.0,171892 - 257744,75000000000.0,97010.0
data scientist,senior,hybrid,company_186,"New York, NY",8 days ago,"New York, NY, US",Technology,Public,830.0,14480000000.0,45674 - 105040,"['database', 'sql', 'aws', 'python']",45674,105040.0,"['database', 'sql', 'aws', 'python']",75357.0,45674 - 105040,14480000000.0,830.0
data scientist,midlevel,,company_192,United States,a month ago,"NY, US",Technology,Private,15.0,,137007 - 164407,"['amazon', 'spark', 'python', 'airflow', 'machine learning']",137007,164407.0,"['amazon', 'spark', 'python', 'airflow', 'machine learning']",150707.0,137007 - 164407,,15.0
data scientist,senior,on-site,company_193,"Phoenix, AZ",3 days ago,"Phoenix, AZ, US",Energy,Public,35020.0,37860000000.0,82201,"['powerbi', 'aws', 'r', 'python', 'sql', 'machine learning']",82201,82201.0,"['powerbi', 'aws', 'r', 'python', 'sql', 'machine learning']",82201.0,82201,37860000000.0,35020.0
data scientist,,hybrid,company_196,Hybrid,7 months ago,"San Francisco, CA, US",Finance,Private,890.0,12430000000.0,158920 - 237831,[],158920,237831.0,[],198375.5,158920 - 237831,12430000000.0,890.0
data scientist,,on-site,company_197,"Bengaluru, Karnataka, India",22 days ago,"Palo Alto, CA, US",Technology,Private,180.0,913330000.0,27409,[],27409,27409.0,[],27409.0,27409,913330000.0,180.0
data scientist,lead,hybrid,company_199,"Austin, TX",15 days ago,"Toronto, ON, CA",Technology,Public,19470.0,91700000000.0,109605,"['java', 'sql', 'python']",109605,109605.0,"['java', 'sql', 'python']",109605.0,109605,91700000000.0,19470.0
data scientist,lead,hybrid,company_203,"Cincinnati, OH",a day ago,"Cincinnati, OH, US",Technology,Private,1230.0,,199795,[],199795,199795.0,[],199795.0,199795,,1230.0
data scientist,senior,on-site,company_207,"Manassas, VA",14 days ago,"Boise, ID, US",Technology,Public,40060.0,55540000000.0,94077 - 118737,"['aws', 'python', 'linux', 'sql', 'gcp', 'hadoop']",94077,118737.0,"['aws', 'python', 'linux', 'sql', 'gcp', 'hadoop']",106407.0,94077 - 118737,55540000000.0,40060.0
data scientist,senior,,company_209,"Bengaluru, Karnataka, India",8 days ago,"New York, NY, US",Technology,Private,1270.0,913330000.0,639348,"['spark', 'aws', 'python', 'sql', 'gcp', 'deep learning', 'tensorflow', 'tableau']",639348,639348.0,"['spark', 'aws', 'python', 'sql', 'gcp', 'deep learning', 'tensorflow', 'tableau']",639348.0,639348,913330000.0,1270.0
data analyst,midlevel,,company_211,"Eindhoven, North Brabant, Netherlands",15 days ago,"Amsterdam, NH, NL",Healthcare,Public,82020.0,,69047,['python'],69047,69047.0,['python'],69047.0,69047,,82020.0
data scientist,senior,,company_212,"Cincinnati, OH",5 days ago,"Boston, MA, US",Technology,Public,222500.0,,135179,"['azure', 'aws', 'machine learning', 'python']",135179,135179.0,"['azure', 'aws', 'machine learning', 'python']",135179.0,135179,,222500.0
machine learning engineer,,on-site,company_215,"San Francisco, CA",13 days ago,"San Francisco, CA, US",Technology,Private,580.0,7070000000.0,200939 - 296838,[],200939,296838.0,[],248888.5,200939 - 296838,7070000000.0,580.0
data scientist,lead,hybrid,company_221,"Bengaluru, Karnataka, India",8 days ago,"New York, NY, US",Technology,Private,900.0,,19096,"['spark', 'r', 'python', 'java', 'sql', 'machine learning']",19096,19096.0,"['spark', 'r', 'python', 'java', 'sql', 'machine learning']",19096.0,19096,,900.0
data scientist,senior,,company_223,Raleigh-Durham-Chapel Hill Area,2 days ago,"New York, NY, US",Technology,Public,10010.0,,99560,"['spark', 'aws', 'r', 'python', 'machine learning', 'hadoop', 'deep learning']",99560,99560.0,"['spark', 'aws', 'r', 'python', 'machine learning', 'hadoop', 'deep learning']",99560.0,99560,,10010.0
data scientist,senior,hybrid,company_092,"McLean, VA",5 days ago,"Toronto, ON, CA",Technology,Public,24030.0,,92838 - 172407,"['java', 'machine learning', 'r', 'python']",92838,172407.0,"['java', 'machine learning', 'r', 'python']",132622.5,92838 - 172407,,24030.0
data scientist,,remote,company_225,Fully Remote,7 days ago,"San Francisco, CA, US",Retail,Private,12300.0,35970000000.0,137001,[],137001,137001.0,[],137001.0,137001,35970000000.0,12300.0
data scientist,senior,on-site,company_226,"Rochester, New York Metropolitan Area",22 days ago,"Rochester, NY, US",Education,,9320.0,,55196 - 77273,"['deep learning', 'machine learning']",55196,77273.0,"['deep learning', 'machine learning']",66234.5,55196 - 77273,,9320.0
data scientist,senior,on-site,company_227,"Denver, CO",15 days ago,"Denver, CO, US",Healthcare,Public,24020.0,6340000000.0,68685 - 100834,"['pytorch', 'aws', 'r', 'python', 'docker', 'scikit-learn', 'sql', 'machine learning', 'gcp', 'deep learning', 'azure', 'tensorflow']",68685,100834.0,"['pytorch', 'aws', 'r', 'python', 'docker', 'scikit-learn', 'sql', 'machine learning', 'gcp', 'deep learning', 'azure', 'tensorflow']",84759.5,68685 - 100834,6340000000.0,24020.0
data scientist,senior,hybrid,company_052,Greater So Paulo Area,22 days ago,"San Francisco, CA, US",Technology,Public,26910.0,53050000000.0,50222,"['sql', 'r', 'python']",50222,50222.0,"['sql', 'r', 'python']",50222.0,50222,53050000000.0,26910.0
data scientist,midlevel,on-site,company_230,"Mettawa, IL",6 days ago,"North Chicago, IL, US",Healthcare,Public,49360.0,245390000000.0,137003,[],137003,137003.0,[],137003.0,137003,245390000000.0,49360.0
data scientist,senior,on-site,company_231,"South San Francisco, CA",25 days ago,"Kenilworth, NJ, US",Healthcare,Public,78750.0,231030000000.0,124219,"['machine learning', 'r', 'python']",124219,124219.0,"['machine learning', 'r', 'python']",124219.0,124219,231030000000.0,78750.0
data scientist,senior,remote,company_233,United States,5 days ago,"Reston, VA, US",Technology,Public,27450.0,,95586 - 172785,"['machine learning', 'r', 'python']",95586,172785.0,"['machine learning', 'r', 'python']",134185.5,95586 - 172785,,27450.0
data scientist,lead,on-site,company_235,"San Antonio, TX",15 days ago,"San Antonio, TX, US",Finance,Private,33030.0,,137008,"['spark', 'r', 'python', 'sql', 'machine learning', 'hadoop', 'deep learning']",137008,137008.0,"['spark', 'r', 'python', 'sql', 'machine learning', 'hadoop', 'deep learning']",137008.0,137008,,33030.0
data scientist,senior,remote,company_236,United States,a day ago,"Miami, FL, US",Technology,Private,30.0,,137002 - 155268,"['sql', 'machine learning', 'tableau', 'python']",137002,155268.0,"['sql', 'machine learning', 'tableau', 'python']",146135.0,137002 - 155268,,30.0
data scientist,senior,,company_041,"Mississauga, Ontario, Canada",5 days ago,"BS, CH",Healthcare,Public,93560.0,247180000000.0,74130,"['gcp', 'git', 'r']",74130,74130.0,"['gcp', 'git', 'r']",74130.0,74130,247180000000.0,93560.0
data scientist,senior,hybrid,company_241,"Manchester, England, United Kingdom",2 months ago,"London, GB",Technology,Private,180.0,,95906 - 105039,"['pytorch', 'aws', 'scikit-learn', 'scipy', 'machine learning', 'gcp', 'azure', 'tensorflow']",95906,105039.0,"['pytorch', 'aws', 'scikit-learn', 'scipy', 'machine learning', 'gcp', 'azure', 'tensorflow']",100472.5,95906 - 105039,,180.0
data scientist,,on-site,company_243,"Bowie, MD",8 days ago,"Bowie, MD, US",Technology,Public,2820.0,,101149 - 110282,[],101149,110282.0,[],105715.5,101149 - 110282,,2820.0
data scientist,senior,on-site,company_244,"Plano, TX",15 days ago,"New York, NY, US",Finance,Public,290800.0,350170000000.0,86772 - 196371,"['pytorch', 'machine learning', 'tensorflow', 'python']",86772,196371.0,"['pytorch', 'machine learning', 'tensorflow', 'python']",141571.5,86772 - 196371,350170000000.0,290800.0
data scientist,midlevel,,company_246,"Arlington, VA",8 days ago,"New York, NY, US",Finance,Private,23320.0,,173540,"['spark', 'python', 'docker', 'java', 'sql', 'machine learning', 'kubernetes', 'hadoop', 'deep learning']",173540,173540.0,"['spark', 'python', 'docker', 'java', 'sql', 'machine learning', 'kubernetes', 'hadoop', 'deep learning']",173540.0,173540,,23320.0
data scientist,lead,,company_250,"New York, NY",4 days ago,"Paris, FR",Healthcare,Private,76020.0,,171458 - 238990,"['powerbi', 'r', 'python', 'scikit-learn', 'sql', 'machine learning', 'tensorflow', 'tableau']",171458,238990.0,"['powerbi', 'r', 'python', 'scikit-learn', 'sql', 'machine learning', 'tensorflow', 'tableau']",205224.0,171458 - 238990,,76020.0
data scientist,lead,hybrid,company_252,"San Francisco, CA",5 days ago,"San Francisco, CA, US",Healthcare,Private,500.0,1720000000.0,258704,[],258704,258704.0,[],258704.0,258704,1720000000.0,500.0
data scientist,senior,,company_254,"Chicago, IL",9 days ago,"South Bend, IN, US",Healthcare,Public,2520.0,,63935 - 86768,"['powerbi', 'r', 'python', 'sql', 'database', 'hadoop', 'tableau']",63935,86768.0,"['powerbi', 'r', 'python', 'sql', 'database', 'hadoop', 'tableau']",75351.5,63935 - 86768,,2520.0
data scientist,,on-site,company_255,"Charlotte, NC",8 days ago,"Fort Mill, SC, US",Technology,Private,3760.0,913330000.0,123305 - 137005,[],123305,137005.0,[],130155.0,123305 - 137005,913330000.0,3760.0
data scientist,senior,on-site,company_256,"San Francisco, CA",4 days ago,"San Francisco, CA, US",Technology,Private,150.0,4099999999.9999995,155274,"['sql', 'machine learning', 'r', 'python']",155274,155274.0,"['sql', 'machine learning', 'r', 'python']",155274.0,155274,4099999999.9999995,150.0
data scientist,senior,hybrid,company_257,"Foster City, CA",6 days ago,"Foster City, CA, US",Finance,Public,21050.0,383100000000.0,120561 - 192988,"['pytorch', 'spark', 'r', 'python', 'scikit-learn', 'machine learning', 'deep learning', 'tensorflow']",120561,192988.0,"['pytorch', 'spark', 'r', 'python', 'scikit-learn', 'machine learning', 'deep learning', 'tensorflow']",156774.5,120561 - 192988,383100000000.0,21050.0
machine learning engineer,senior,hybrid,company_007,"Vancouver, British Columbia, Canada",a month ago,"Redwood City, CA, US",Technology,Public,25940.0,33500000000.0,59371 - 63938,"['pytorch', 'machine learning', 'tensorflow', 'python']",59371,63938.0,"['pytorch', 'machine learning', 'tensorflow', 'python']",61654.5,59371 - 63938,33500000000.0,25940.0
data scientist,senior,on-site,company_261,"Alameda, CA",7 days ago,"Lake Bluff, IL, US",Healthcare,Public,103540.0,162590000000.0,79187,"['spark', 'r', 'python', 'scala', 'linux', 'java', 'hadoop', 'machine learning']",79187,79187.0,"['spark', 'r', 'python', 'scala', 'linux', 'java', 'hadoop', 'machine learning']",79187.0,79187,162590000000.0,103540.0
data scientist,senior,,company_183,"Berlin, Berlin, Germany",8 days ago,"Tallinn, EE",Technology,Private,3780.0,,98643,"['pandas', 'numpy', 'spark', 'aws', 'scikit-learn', 'python', 'airflow', 'machine learning']",98643,98643.0,"['pandas', 'numpy', 'spark', 'aws', 'scikit-learn', 'python', 'airflow', 'machine learning']",98643.0,98643,,3780.0
data scientist,senior,,company_268,"Singapore, Singapore",7 days ago,"Singapore, SG",Finance,Public,30870.0,,67044,"['pytorch', 'git', 'python', 'machine learning', 'tensorflow']",67044,67044.0,"['pytorch', 'git', 'python', 'machine learning', 'tensorflow']",67044.0,67044,,30870.0
data scientist,senior,,company_269,"Boston, MA",a month ago,"Charlotte, NC, US",Finance,Public,274280.0,277070000000.0,150707 - 224869,"['python', 'java', 'sql', 'hadoop', 'machine learning']",150707,224869.0,"['python', 'java', 'sql', 'hadoop', 'machine learning']",187788.0,150707 - 224869,277070000000.0,274280.0
data scientist,lead,,company_270,"New York, NY",2 months ago,"Woonsocket, RI, US",Healthcare,Public,300070.0,121120000000.0,131706 - 263408,"['sql', 'python']",131706,263408.0,"['sql', 'python']",197557.0,131706 - 263408,121120000000.0,300070.0
data scientist,midlevel,on-site,company_231,"San Diego, CA",5 days ago,"Kenilworth, NJ, US",Healthcare,Public,78720.0,231130000000.0,115539 - 181846,"['aws', 'git', 'r', 'python', 'java', 'machine learning', 'database', 'azure', 'matplotlib']",115539,181846.0,"['aws', 'git', 'r', 'python', 'java', 'machine learning', 'database', 'azure', 'matplotlib']",148692.5,115539 - 181846,231130000000.0,78720.0
data scientist,senior,on-site,company_273,"Redmond, WA",a month ago,"Menlo Park, CA, US",Technology,Public,94540.0,230420000000.0,121475 - 255734,"['sql', 'machine learning', 'r', 'python']",121475,255734.0,"['sql', 'machine learning', 'r', 'python']",188604.5,121475 - 255734,230420000000.0,94540.0
data scientist,lead,hybrid,company_276,Hybrid,a month ago,"Atlanta, GA, US",Technology,Private,360.0,3090000000.0,294100,[],294100,294100.0,[],294100.0,294100,3090000000.0,360.0
data scientist,,on-site,company_279,"San Francisco, California",8 days ago,"San Francisco, CA, US",Technology,Private,500.0,,127874 - 155273,[],127874,155273.0,[],141573.5,127874 - 155273,,500.0
machine learning engineer,senior,,company_106,"Pune, Maharashtra, India",2 days ago,"København, DK",Logistics,Private,38130.0,34320000000.0,26760,"['spark', 'aws', 'powerbi', 'python', 'docker', 'sql', 'machine learning', 'gcp', 'kubernetes', 'deep learning', 'azure']",26760,26760.0,"['spark', 'aws', 'powerbi', 'python', 'docker', 'sql', 'machine learning', 'gcp', 'kubernetes', 'deep learning', 'azure']",26760.0,26760,34320000000.0,38130.0
data scientist,midlevel,remote,company_280,"Annapolis Junction, MD",a month ago,"Annapolis, MD, US",Technology,Private,60.0,,109600 - 182666,"['linux', 'machine learning', 'python']",109600,182666.0,"['linux', 'machine learning', 'python']",146133.0,109600 - 182666,,60.0
data scientist,senior,remote,company_282,"Rosemont, IL",5 days ago,"Rosemont, IL, US",Healthcare,Public,28070.0,,68501 - 109601,"['git', 'r', 'python', 'bash', 'sql', 'machine learning', 'deep learning']",68501,109601.0,"['git', 'r', 'python', 'bash', 'sql', 'machine learning', 'deep learning']",89051.0,68501 - 109601,,28070.0
data scientist,lead,hybrid,company_115,"New York, NY",a month ago,"Frankfurt am Main, HE, DE",Finance,Public,68430.0,,137002,"['pandas', 'numpy', 'scikit-learn', 'python', 'sql', 'hadoop']",137002,137002.0,"['pandas', 'numpy', 'scikit-learn', 'python', 'sql', 'hadoop']",137002.0,137002,,68430.0
data scientist,senior,,company_207,"Hyderabad, Telangana, India",10 days ago,"Boise, ID, US",Technology,Public,40050.0,55390000000.0,24621,"['pytorch', 'r', 'python', 'sql', 'machine learning', 'deep learning', 'tensorflow', 'tableau']",24621,24621.0,"['pytorch', 'r', 'python', 'sql', 'machine learning', 'deep learning', 'tensorflow', 'tableau']",24621.0,24621,55390000000.0,40050.0
data scientist,junior,,company_047,"Bengaluru, Karnataka, India",a month ago,"Bengaluru, KA, IN",Technology,Public,222040.0,24210000000.0,10055,"['deep learning', 'machine learning']",10055,10055.0,"['deep learning', 'machine learning']",10055.0,10055,24210000000.0,222040.0
data scientist,senior,on-site,company_288,"Chantilly, VA",a month ago,"Reston, VA, US",Technology,Public,26030.0,63090000000.0,114171,"['aws', 'azure']",114171,114171.0,"['aws', 'azure']",114171.0,114171,63090000000.0,26030.0
data scientist,senior,,company_290,"Pune, Maharashtra, India",8 days ago,"London, GB",Finance,Public,68160.0,26630000000.0,29949 - 41758,"['powerbi', 'aws', 'python', 'sql', 'machine learning', 'tableau']",29949,41758.0,"['powerbi', 'aws', 'python', 'sql', 'machine learning', 'tableau']",35853.5,29949 - 41758,26630000000.0,68160.0
data scientist,senior,,company_291,"Bengaluru, Karnataka, India",5 days ago,"Bengaluru, KA, IN",Technology,Public,261060.0,70980000000.0,9583,"['aws', 'r', 'python', 'sql', 'neural network', 'gcp', 'azure']",9583,9583.0,"['aws', 'r', 'python', 'sql', 'neural network', 'gcp', 'azure']",9583.0,9583,70980000000.0,261060.0
data scientist,senior,on-site,company_141,"Orlando, FL",a month ago,"Bethesda, MD, US",Technology,Public,108650.0,116880000000.0,68500,['machine learning'],68500,68500.0,['machine learning'],68500.0,68500,116880000000.0,108650.0
data scientist,senior,remote,company_293,"Bengaluru, Karnataka, India",3 months ago,"Bengaluru, KA, IN",Technology,Private,15440.0,10220000000.0,36104,"['spark', 'python', 'sql', 'machine learning', 'deep learning', 'tensorflow']",36104,36104.0,"['spark', 'python', 'sql', 'machine learning', 'deep learning', 'tensorflow']",36104.0,36104,10220000000.0,15440.0
data scientist,senior,hybrid,company_295,"Montreal, Quebec, Canada",5 days ago,"Dartmouth, NS, CA",Technology,Private,31.0,,55906,"['pandas', 'numpy', 'pytorch', 'aws', 'scikit-learn', 'python', 'sql', 'machine learning']",55906,55906.0,"['pandas', 'numpy', 'pytorch', 'aws', 'scikit-learn', 'python', 'sql', 'machine learning']",55906.0,55906,,31.0
data scientist,midlevel,hybrid,company_296,"Lebanon, NH",17 days ago,"Bridgewater, NJ, US",Healthcare,Public,613.0,,81293 - 108937,"['machine learning', 'python']",81293,108937.0,"['machine learning', 'python']",95115.0,81293 - 108937,,613.0
data scientist,midlevel,on-site,company_166,"Veldhoven, North Brabant, Netherlands",8 days ago,"Veldhoven, NB, NL",Technology,Public,24820.0,173560000000.0,82373,['python'],82373,82373.0,['python'],82373.0,82373,173560000000.0,24820.0
data scientist,senior,remote,company_298,United States,15 days ago,"Draper, UT, US",Healthcare,Public,1020.0,,88140 - 136089,"['sql', 'azure', 'r', 'python']",88140,136089.0,"['sql', 'azure', 'r', 'python']",112114.5,88140 - 136089,,1020.0
data scientist,senior,,company_303,"New York, NY",22 days ago,"Irving, TX, US",Technology,Public,11060.0,,114175 - 118741,"['aws', 'git', 'python', 'sql', 'gcp', 'machine learning']",114175,118741.0,"['aws', 'git', 'python', 'sql', 'gcp', 'machine learning']",116458.0,114175 - 118741,,11060.0
data scientist,senior,on-site,company_034,"Annapolis Junction, MD",a month ago,"Baltimore, MD, US",Technology,Private,45.0,,178100 - 210980,"['sql', 'machine learning', 'r', 'python']",178100,210980.0,"['sql', 'machine learning', 'r', 'python']",194540.0,178100 - 210980,,45.0
data scientist,senior,,company_305,"Budapest, Budapest, Hungary",a month ago,"New York, NY, US",Finance,Public,88990.0,132460000000.00002,27403,"['machine learning', 'python']",27403,27403.0,"['machine learning', 'python']",27403.0,27403,132460000000.00002,88990.0
data scientist,midlevel,remote,company_306,"Fort Meade, MD",3 months ago,"Fulton, MD, US",Technology,Private,90.0,,127871 - 178103,"['sql', 'machine learning', 'r', 'python']",127871,178103.0,"['sql', 'machine learning', 'r', 'python']",152987.0,127871 - 178103,,90.0
data scientist,senior,on-site,company_308,"Mountain View, CA",15 days ago,"Redmond, WA, US",Technology,Public,182338.0,1730000000000.0,171712 - 277840,"['sql', 'python']",171712,277840.0,"['sql', 'python']",224776.0,171712 - 277840,1730000000000.0,182338.0
data scientist,senior,,company_309,"Bengaluru, Karnataka, India",19 days ago,"New York, NY, US",Technology,Private,3540.0,,19234,"['pytorch', 'aws', 'git', 'python', 'docker', 'gcp', 'azure', 'tensorflow']",19234,19234.0,"['pytorch', 'aws', 'git', 'python', 'docker', 'gcp', 'azure', 'tensorflow']",19234.0,19234,,3540.0
data scientist,lead,on-site,company_310,Antwerp Metropolitan Area,2 days ago,"Arlington, VA, US",Technology,Public,20070.0,,90697,"['powerbi', 'tableau']",90697,90697.0,"['powerbi', 'tableau']",90697.0,90697,,20070.0
machine learning engineer,,on-site,company_312,"San Francisco, CA",13 days ago,"Montreal, QC, CA",Technology,Private,31.0,,200939 - 296838,[],200939,296838.0,[],248888.5,200939 - 296838,,31.0
data scientist,senior,on-site,company_315,United States,9 days ago,"Austin, TX, US",Technology,Public,212610.0,188010000000.0,99744 - 204046,"['pytorch', 'aws', 'r', 'python', 'docker', 'machine learning', 'kubernetes', 'deep learning', 'tensorflow']",99744,204046.0,"['pytorch', 'aws', 'r', 'python', 'docker', 'machine learning', 'kubernetes', 'deep learning', 'tensorflow']",151895.0,99744 - 204046,188010000000.0,212610.0
data scientist,senior,on-site,company_316,"Dublin, County Dublin, Ireland",22 days ago,"Eden Prairie, MN, US",Healthcare,Public,37990.0,,52987,"['sql', 'azure', 'python']",52987,52987.0,"['sql', 'azure', 'python']",52987.0,52987,,37990.0
data scientist,lead,,company_251,"Alpharetta, GA",15 days ago,"Roseland, NJ, US",Technology,Public,65120.0,,115086,"['spark', 'aws', 'r', 'python', 'scala', 'java', 'sql', 'machine learning', 'hadoop', 'azure', 'tensorflow', 'tableau']",115086,115086.0,"['spark', 'aws', 'r', 'python', 'scala', 'java', 'sql', 'machine learning', 'hadoop', 'azure', 'tensorflow', 'tableau']",115086.0,115086,,65120.0
data scientist,senior,remote,company_318,United States,a month ago,"Dallas, TX, US",Technology,Public,55070.0,14860000000.0,100467,['machine learning'],100467,100467.0,['machine learning'],100467.0,100467,14860000000.0,55070.0
machine learning engineer,senior,hybrid,company_008,"San Jose, CA",15 days ago,"San Jose, CA, US",Technology,Public,34690.0,81560000000.0,125584 - 216003,"['pandas', 'numpy', 'pytorch', 'spark', 'aws', 'scikit-learn', 'python', 'java', 'sql', 'machine learning', 'tensorflow']",125584,216003.0,"['pandas', 'numpy', 'pytorch', 'spark', 'aws', 'scikit-learn', 'python', 'java', 'sql', 'machine learning', 'tensorflow']",170793.5,125584 - 216003,81560000000.0,34690.0
data scientist,senior,on-site,company_324,United States,8 days ago,"Palo Alto, CA, US",Technology,Private,2540.0,3950000000.0,137003 - 150703,"['sql', 'machine learning', 'r', 'python']",137003,150703.0,"['sql', 'machine learning', 'r', 'python']",143853.0,137003 - 150703,3950000000.0,2540.0
machine learning engineer,senior,,company_326,,2 years ago,"Mumbai, MH, IN",Technology,Private,910.0,7410000000.0,44207,[],44207,44207.0,[],44207.0,44207,7410000000.0,910.0
data scientist,senior,remote,company_328,"Riverwoods, IL",10 days ago,"Riverwoods, IL, US",Technology,Public,14460.0,26530000000.0,118733 - 166226,"['sql', 'tableau']",118733,166226.0,"['sql', 'tableau']",142479.5,118733 - 166226,26530000000.0,14460.0
data scientist,lead,on-site,company_336,"South San Francisco, CA",6 days ago,"South San Francisco, CA, US",Technology,Private,14040.0,,195911,['machine learning'],195911,195911.0,['machine learning'],195911.0,195911,,14040.0
data scientist,midlevel,remote,company_337,"Tallahassee, FL",25 days ago,"Fairfax, VA, US",Finance,Public,7290.0,,131219 - 223067,"['r', 'python', 'sql', 'machine learning', 'database', 'deep learning']",131219,223067.0,"['r', 'python', 'sql', 'machine learning', 'database', 'deep learning']",177143.0,131219 - 223067,,7290.0
data scientist,senior,remote,company_339,Fully Remote,a month ago,"Chicago, IL, US",Technology,Private,960.0,3040000000.0,164405 - 226054,[],164405,226054.0,[],195229.5,164405 - 226054,3040000000.0,960.0
data scientist,senior,hybrid,company_340,"San Jose, CA",2 months ago,"New York, NY, US",Technology,Private,750.0,,112800 - 194405,"['sql', 'machine learning', 'r', 'python']",112800,194405.0,"['sql', 'machine learning', 'r', 'python']",153602.5,112800 - 194405,,750.0
data scientist,,on-site,company_341,On-site,13 days ago,"San Francisco, CA, US",Technology,Private,600.0,13850000000.0,127868 - 143851,[],127868,143851.0,[],135859.5,127868 - 143851,13850000000.0,600.0
data scientist,senior,,company_343,"Edinburgh, Scotland, United Kingdom",a day ago,"Edinburgh, GB",Finance,Public,60010.0,24780000000.0,59677,"['machine learning', 'python']",59677,59677.0,"['machine learning', 'python']",59677.0,59677,24780000000.0,60010.0
data scientist,senior,on-site,company_201,"Milwaukee, WI",8 days ago,"Deerfield, IL, US",Healthcare,Public,48050.0,25160000000.0,102300 - 140660,"['spark', 'python', 'scala', 'machine learning', 'database', 'azure', 'tableau']",102300,140660.0,"['spark', 'python', 'scala', 'machine learning', 'database', 'azure', 'tableau']",121480.0,102300 - 140660,25160000000.0,48050.0
data scientist,midlevel,on-site,company_352,"Pune, Maharashtra, India",3 months ago,"Evanston, IL, US",Technology,Private,12090.0,,13173,"['amazon', 'r', 'python', 'java', 'database', 'hadoop', 'machine learning']",13173,13173.0,"['amazon', 'r', 'python', 'java', 'database', 'hadoop', 'machine learning']",13173.0,13173,,12090.0
data scientist,senior,remote,company_353,Fully Remote,2 months ago,"Washington, US",Technology,Private,351.0,,164400,[],164400,164400.0,[],164400.0,164400,,351.0
data scientist,senior,on-site,company_355,"Seattle, WA",a month ago,"San Francisco, CA, US",Technology,Public,65870.0,130590000000.0,125223 - 216007,"['sql', 'r', 'python']",125223,216007.0,"['sql', 'r', 'python']",170615.0,125223 - 216007,130590000000.0,65870.0
data scientist,senior,on-site,company_184,"Johns Creek, GA",6 days ago,"New York, NY, US",Retail,Public,130020.0,5180000000.0,137000,['machine learning'],137000,137000.0,['machine learning'],137000.0,137000,5180000000.0,130020.0
data scientist,senior,hybrid,company_357,"Basking Ridge, NJ",8 days ago,"Basking Ridge, NJ, US",Technology,Public,132060.0,142230000000.0,92254,"['python', 'sql', 'machine learning', 'database', 'hadoop', 'deep learning']",92254,92254.0,"['python', 'sql', 'machine learning', 'database', 'hadoop', 'deep learning']",92254.0,92254,142230000000.0,132060.0
data scientist,senior,,company_360,"Itanagar, Arunachal Pradesh, India",2 months ago,"Mumbai, MH, IN",Finance,Private,78060.0,,12924,"['pandas', 'numpy', 'pytorch', 'spark', 'aws', 'git', 'scikit-learn', 'python', 'docker', 'scipy', 'hadoop', 'machine learning', 'database', 'keras', 'deep learning', 'matplotlib', 'tensorflow']",12924,12924.0,"['pandas', 'numpy', 'pytorch', 'spark', 'aws', 'git', 'scikit-learn', 'python', 'docker', 'scipy', 'hadoop', 'machine learning', 'database', 'keras', 'deep learning', 'matplotlib', 'tensorflow']",12924.0,12924,,78060.0
data scientist,senior,remote,company_362,Fully Remote,16 days ago,"San Francisco, CA, US",Technology,Private,1890.0,9480000000.0,198198 - 277565,[],198198,277565.0,[],237881.5,198198 - 277565,9480000000.0,1890.0
data scientist,senior,on-site,company_031,"New Brunswick, NJ",a day ago,"New Brunswick, NJ, US",Healthcare,Public,128860.0,412870000000.0,97046 - 131295,"['aws', 'powerbi', 'r', 'python', 'airflow', 'machine learning', 'azure', 'tableau']",97046,131295.0,"['aws', 'powerbi', 'r', 'python', 'airflow', 'machine learning', 'azure', 'tableau']",114170.5,97046 - 131295,412870000000.0,128860.0
data scientist,senior,on-site,company_363,"Bellevue, WA",23 days ago,"New York, NY, US",Technology,Public,24320.0,,109328 - 203035,"['pytorch', 'scikit-learn', 'python', 'scala', 'java', 'machine learning', 'tensorflow']",109328,203035.0,"['pytorch', 'scikit-learn', 'python', 'scala', 'java', 'machine learning', 'tensorflow']",156181.5,109328 - 203035,,24320.0
data scientist,lead,on-site,company_235,"Phoenix, AZ",15 days ago,"San Antonio, TX, US",Finance,Private,33050.0,,137000,"['spark', 'r', 'python', 'sql', 'machine learning', 'hadoop', 'deep learning']",137000,137000.0,"['spark', 'r', 'python', 'sql', 'machine learning', 'hadoop', 'deep learning']",137000.0,137000,,33050.0
data scientist,senior,,company_365,"McLean, VA",2 months ago,"Annapolis Junction, MD, US",Technology,Private,420.0,,72666 - 159901,"['database', 'machine learning', 'python']",72666,159901.0,"['database', 'machine learning', 'python']",116283.5,72666 - 159901,,420.0
data scientist,lead,,company_366,"Columbia, MD",14 days ago,"Columbia, MD, US",Technology,Private,180.0,,100472 - 146138,"['pytorch', 'spark', 'aws', 'r', 'python', 'scikit-learn', 'scala', 'sql', 'machine learning', 'gcp', 'azure', 'tensorflow']",100472,146138.0,"['pytorch', 'spark', 'aws', 'r', 'python', 'scikit-learn', 'scala', 'sql', 'machine learning', 'gcp', 'azure', 'tensorflow']",123305.0,100472 - 146138,,180.0
data scientist,senior,on-site,company_367,On-site,a month ago,"New York, NY, US",Technology,Private,420.0,,144307 - 167140,[],144307,167140.0,[],155723.5,144307 - 167140,,420.0
data scientist,senior,,company_185,"Utah, United States",15 days ago,"Falls Church, VA, US",Technology,Public,97070.0,75200000000.0,125495 - 188149,"['aws', 'gcp', 'azure']",125495,188149.0,"['aws', 'gcp', 'azure']",156822.0,125495 - 188149,75200000000.0,97070.0
machine learning engineer,senior,,company_371,"South San Francisco, CA",7 days ago,"South San Francisco, CA, US",Healthcare,Private,250.0,,190891 - 212811,"['pytorch', 'python', 'machine learning', 'deep learning', 'tensorflow']",190891,212811.0,"['pytorch', 'python', 'machine learning', 'deep learning', 'tensorflow']",201851.0,190891 - 212811,,250.0
data scientist,senior,hybrid,company_146,"Kitchener-Waterloo, ON",11 days ago,"San Francisco, CA, US",Finance,Private,780.0,11850000000.0,153447 - 210986,[],153447,210986.0,[],182216.5,153447 - 210986,11850000000.0,780.0
machine learning engineer,senior,on-site,company_178,"Torrance, CA",15 days ago,"Torrance, CA, US",Technology,Public,10100.0,36690000000.0,63941,"['java', 'machine learning', 'r', 'python']",63941,63941.0,"['java', 'machine learning', 'r', 'python']",63941.0,63941,36690000000.0,10100.0
data scientist,,remote,company_112,Fully Remote,4 days ago,"San Francisco, CA, US",Technology,Private,420.0,4850000000.0,213594,[],213594,213594.0,[],213594.0,213594,4850000000.0,420.0
machine learning engineer,lead,,company_326,,a year ago,"Mumbai, MH, IN",Technology,Private,910.0,7660000000.0,44202,[],44202,44202.0,[],44202.0,44202,7660000000.0,910.0
data scientist,senior,hybrid,company_382,Greater Chicago Area,a month ago,"Chicago, IL, US",Finance,Private,660.0,2029999999.9999998,73068 - 91335,"['aws', 'python', 'sql', 'machine learning', 'deep learning']",73068,91335.0,"['aws', 'python', 'sql', 'machine learning', 'deep learning']",82201.5,73068 - 91335,2029999999.9999998,660.0
data scientist,,on-site,company_383,"Barcelona, Spain",2 months ago,"Milano, IT",Technology,Private,3800.0,,46528 - 76222,[],46528,76222.0,[],61375.0,46528 - 76222,,3800.0
data scientist,senior,on-site,company_071,"Cambridge, MA",5 days ago,"Cambridge, MA, US",Technology,Public,9020.0,,9140,"['r', 'python', 'sql', 'hadoop', 'machine learning']",9140,9140.0,"['r', 'python', 'sql', 'hadoop', 'machine learning']",9140.0,9140,,9020.0
data scientist,senior,on-site,company_384,"Normal, IL",15 days ago,"Irvine, CA, US",Technology,Public,3780.0,25210000000.0,147050 - 196370,"['sql', 'r', 'python']",147050,196370.0,"['sql', 'r', 'python']",171710.0,147050 - 196370,25210000000.0,3780.0
machine learning engineer,,hybrid,company_387,"Sunnyvale, CA",a day ago,"San Francisco, CA, US",Technology,Private,900.0,8620000000.0,144491,[],144491,144491.0,[],144491.0,144491,8620000000.0,900.0
data scientist,senior,remote,company_176,Fully Remote,11 days ago,"Mountain View, CA, US",Technology,Public,2780.0,,146050 - 230989,[],146050,230989.0,[],188519.5,146050 - 230989,,2780.0
data scientist,senior,on-site,company_389,"Menlo Park, CA",3 months ago,"Bozeman, MT, US",Technology,Public,3760.0,37490000000.0,181756 - 258932,['python'],181756,258932.0,['python'],220344.0,181756 - 258932,37490000000.0,3760.0
data scientist,senior,remote,company_391,Fully Remote,7 days ago,"Greenbelt, MD, US",Technology,Private,270.0,,132438 - 159838,[],132438,159838.0,[],146138.0,132438 - 159838,,270.0
data scientist,senior,on-site,company_392,"Cincinnati, OH",a month ago,"Jacksonville, FL, US",Finance,Public,62010.0,35070000000.0,157017 - 263794,"['spark', 'aws', 'python', 'sql', 'machine learning', 'gcp', 'azure']",157017,263794.0,"['spark', 'aws', 'python', 'sql', 'machine learning', 'gcp', 'azure']",210405.5,157017 - 263794,35070000000.0,62010.0
data scientist,midlevel,on-site,company_395,"McLean, VA",6 days ago,"McLean, VA, US",Retail,Public,55120.0,36180000000.0,121479 - 138650,"['spark', 'aws', 'r', 'python', 'scala', 'sql', 'database', 'machine learning']",121479,138650.0,"['spark', 'aws', 'r', 'python', 'scala', 'sql', 'database', 'machine learning']",130064.5,121479 - 138650,36180000000.0,55120.0
data scientist,senior,on-site,company_316,"Dublin, County Dublin, Ireland",15 days ago,"Eden Prairie, MN, US",Healthcare,Public,37970.0,,57318,"['machine learning', 'r', 'python']",57318,57318.0,"['machine learning', 'r', 'python']",57318.0,57318,,37970.0
data scientist,senior,on-site,company_367,On-site,a month ago,"New York, NY, US",Technology,Private,420.0,,216463 - 242949,[],216463,242949.0,[],229706.0,216463 - 242949,,420.0
data scientist,,hybrid,company_403,"Boston, MA",5 days ago,"Boston, MA, US",Retail,Public,17010.0,,130609 - 140656,[],130609,140656.0,[],135632.5,130609 - 140656,,17010.0
data scientist,senior,,company_404,United States,10 days ago,"Northbrook, IL, US",Technology,Public,8270.0,31370000000.0,87412 - 139463,"['aws', 'r', 'python', 'linux', 'sql', 'machine learning', 'deep learning', 'azure']",87412,139463.0,"['aws', 'r', 'python', 'linux', 'sql', 'machine learning', 'deep learning', 'azure']",113437.5,87412 - 139463,31370000000.0,8270.0
data scientist,senior,remote,company_337,"Arlington, VA",a month ago,"Fairfax, VA, US",Finance,Public,7290.0,,89623 - 152356,"['r', 'python', 'sql', 'machine learning', 'database', 'deep learning']",89623,152356.0,"['r', 'python', 'sql', 'machine learning', 'database', 'deep learning']",120989.5,89623 - 152356,,7290.0
machine learning engineer,midlevel,on-site,company_336,"New York, NY",14 days ago,"South San Francisco, CA, US",Technology,Private,14060.0,,128871 - 239383,"['deep learning', 'machine learning', 'r', 'python']",128871,239383.0,"['deep learning', 'machine learning', 'r', 'python']",184127.0,128871 - 239383,,14060.0
data scientist,senior,on-site,company_410,On-site,4 months ago,"San Francisco, CA, US",Technology,Private,320.0,,28130,[],28130,28130.0,[],28130.0,28130,,320.0
data scientist,midlevel,on-site,company_411,"San Francisco, CA",15 days ago,"Santa Monica, CA, US",Technology,Public,9770.0,,130667 - 241897,"['spark', 'aws', 'python', 'airflow', 'sql', 'gcp', 'machine learning']",130667,241897.0,"['spark', 'aws', 'python', 'airflow', 'sql', 'gcp', 'machine learning']",186282.0,130667 - 241897,,9770.0
data scientist,senior,on-site,company_412,"Atlanta, GA",a month ago,"Minneapolis, MN, US",Finance,Private,1280.0,,67682 - 101475,"['pandas', 'aws', 'scikit-learn', 'python', 'sql', 'machine learning', 'gcp', 'azure', 'matplotlib']",67682,101475.0,"['pandas', 'aws', 'scikit-learn', 'python', 'sql', 'machine learning', 'gcp', 'azure', 'matplotlib']",84578.5,67682 - 101475,,1280.0
data scientist,senior,hybrid,company_414,"London, England, United Kingdom",15 days ago,"Newton, MA, US",Technology,Public,351.0,,91337 - 137003,"['sql', 'aws', 'r', 'python']",91337,137003.0,"['sql', 'aws', 'r', 'python']",114170.0,91337 - 137003,,351.0
data scientist,senior,hybrid,company_417,"Bengaluru, Karnataka, India",a month ago,"San Jose, CA, US",Technology,Public,98130.0,167140000000.0,32665,"['pandas', 'numpy', 'pytorch', 'aws', 'r', 'python', 'scikit-learn', 'scipy', 'sql', 'machine learning', 'deep learning', 'keras', 'azure', 'matplotlib', 'tensorflow', 'tableau']",32665,32665.0,"['pandas', 'numpy', 'pytorch', 'aws', 'r', 'python', 'scikit-learn', 'scipy', 'sql', 'machine learning', 'deep learning', 'keras', 'azure', 'matplotlib', 'tensorflow', 'tableau']",32665.0,32665,167140000000.0,98130.0
data scientist,senior,remote,company_418,"Washington, United States",7 days ago,"Seattle, WA, US",Finance,,2810.0,,88967 - 166051,"['tableau', 'sql', 'r', 'python']",88967,166051.0,"['tableau', 'sql', 'r', 'python']",127509.0,88967 - 166051,,2810.0
data scientist,midlevel,remote,company_421,Mexico City Metropolitan Area,15 days ago,"Cheyenne, WY, US",Technology,,,,25212,"['sql', 'machine learning', 'python']",25212,25212.0,"['sql', 'machine learning', 'python']",25212.0,25212,,
data scientist,senior,,company_422,"Englewood, CO",a month ago,"Englewood, CO, US",Technology,Public,2520.0,,105439,"['sql', 'r', 'python']",105439,105439.0,"['sql', 'r', 'python']",105439.0,105439,,2520.0
data scientist,senior,hybrid,company_423,"New York, NY",a month ago,"New York, NY, US",Technology,Private,500.0,,118741 - 137008,[],118741,137008.0,[],127874.5,118741 - 137008,,500.0
data scientist,senior,remote,company_425,"Madrid, Community of Madrid, Spain",25 days ago,"Amsterdam, NH, NL",Technology,Private,5560.0,,55995,"['spark', 'aws', 'powerbi', 'r', 'python', 'docker', 'linux', 'sql', 'azure', 'tableau']",55995,55995.0,"['spark', 'aws', 'powerbi', 'r', 'python', 'docker', 'linux', 'sql', 'azure', 'tableau']",55995.0,55995,,5560.0
data scientist,lead,hybrid,company_426,"Palo Alto, CA",2 months ago,"Palo Alto, CA, US",Technology,Private,126.0,,186327 - 261220,[],186327,261220.0,[],223773.5,186327 - 261220,,126.0
data scientist,senior,hybrid,company_428,"Seattle, WA",4 days ago,"San Francisco, CA, US",Technology,Private,45.0,,210073 - 251172,"['sql', 'python']",210073,251172.0,"['sql', 'python']",230622.5,210073 - 251172,,45.0
data scientist,,hybrid,company_433,Hybrid,a month ago,"Toronto, ON, CA",Technology,Private,56.0,,36542 - 54809,[],36542,54809.0,[],45675.5,36542 - 54809,,56.0
data scientist,senior,on-site,company_435,"Toronto, Ontario, Canada",5 days ago,"Toronto, ON, CA",Finance,Private,45050.0,,94256 - 175359,"['machine learning', 'python']",94256,175359.0,"['machine learning', 'python']",134807.5,94256 - 175359,,45050.0
data scientist,senior,,company_069,United States,5 days ago,"Chicago, IL, US",Technology,Private,210.0,,87407,"['spark', 'aws', 'python', 'sql', 'machine learning', 'gcp', 'azure']",87407,87407.0,"['spark', 'aws', 'python', 'sql', 'machine learning', 'gcp', 'azure']",87407.0,87407,,210.0
data scientist,,on-site,company_438,"New York City, New York, United States",2 months ago,"San Francisco, CA, US",Technology,Private,150.0,,154356,[],154356,154356.0,[],154356.0,154356,,150.0
data scientist,senior,,company_440,"Lexington, MA",a month ago,"London, GB",Technology,Public,1800.0,,109604,"['aws', 'scikit-learn', 'python', 'sql', 'machine learning', 'deep learning', 'tensorflow']",109604,109604.0,"['aws', 'scikit-learn', 'python', 'sql', 'machine learning', 'deep learning', 'tensorflow']",109604.0,109604,,1800.0
data scientist,lead,,company_449,"New York, United States",6 days ago,"New York, NY, US",Technology,Private,1020.0,,141571 - 164405,"['tableau', 'sql', 'r', 'python']",141571,164405.0,"['tableau', 'sql', 'r', 'python']",152988.0,141571 - 164405,,1020.0
data scientist,senior,on-site,company_450,"Fort George G Meade, Maryland, United States",3 months ago,"Catonsville, MD, US",Technology,Private,45.0,,89511 - 196370,[],89511,196370.0,[],142940.5,89511 - 196370,,45.0
data scientist,midlevel,remote,company_421,"So Paulo, So Paulo, Brazil",14 days ago,"Cheyenne, WY, US",Technology,,,,25214,"['sql', 'machine learning', 'python']",25214,25214.0,"['sql', 'machine learning', 'python']",25214.0,25214,,
data scientist,midlevel,on-site,company_456,"Sacramento, CA",19 days ago,"Sacramento, CA, US",Healthcare,,55010.0,,115891 - 172882,[],115891,172882.0,[],144386.5,115891 - 172882,,55010.0
data scientist,senior,,company_457,"New York, United States",5 days ago,"Minneapolis, MN, US",Technology,Private,420.0,,68504 - 84944,"['git', 'r', 'python', 'docker', 'sql', 'machine learning']",68504,84944.0,"['git', 'r', 'python', 'docker', 'sql', 'machine learning']",76724.0,68504 - 84944,,420.0
data scientist,midlevel,on-site,company_460,"Bellevue, WA",a month ago,"Dania Beach, FL, US",Retail,Public,7100.0,,122847 - 196370,"['aws', 'git', 'python', 'sql', 'machine learning']",122847,196370.0,"['aws', 'git', 'python', 'sql', 'machine learning']",159608.5,122847 - 196370,,7100.0
data scientist,senior,on-site,company_211,"Bengaluru, Karnataka, India",3 months ago,"Amsterdam, NH, NL",Healthcare,Public,82030.0,,27524,"['pytorch', 'python', 'docker', 'machine learning', 'kubernetes', 'deep learning', 'tensorflow']",27524,27524.0,"['pytorch', 'python', 'docker', 'machine learning', 'kubernetes', 'deep learning', 'tensorflow']",27524.0,27524,,82030.0
data scientist,senior,on-site,company_438,"New York City, New York, United States",23 days ago,"San Francisco, CA, US",Technology,Private,150.0,,151203,[],151203,151203.0,[],151203.0,151203,,150.0
data scientist,lead,hybrid,company_461,"Bengaluru, Karnataka, India",a month ago,"Toronto, ON, CA",Finance,Private,7030.0,,14064,"['aws', 'machine learning', 'gcp', 'azure', 'deep learning']",14064,14064.0,"['aws', 'machine learning', 'gcp', 'azure', 'deep learning']",14064.0,14064,,7030.0
machine learning engineer,senior,on-site,company_465,"Washington, DC",14 days ago,"San Francisco, CA, US",Technology,Private,3570.0,,120104 - 200112,"['deep learning', 'aws', 'machine learning', 'python']",120104,200112.0,"['deep learning', 'aws', 'machine learning', 'python']",160108.0,120104 - 200112,,3570.0
machine learning engineer,midlevel,on-site,company_025,"Jersey City, NJ",12 days ago,"Teaneck, NJ, US",Technology,Public,309170.0,,146134 - 164401,"['aws', 'gcp', 'azure']",146134,164401.0,"['aws', 'gcp', 'azure']",155267.5,146134 - 164401,,309170.0
data scientist,senior,,company_468,"Los Alamos, NM",14 days ago,"Los Alamos, NM, US",Energy,,12802.0,,114354 - 192992,"['git', 'r', 'python', 'sql', 'machine learning', 'database', 'deep learning']",114354,192992.0,"['git', 'r', 'python', 'sql', 'machine learning', 'database', 'deep learning']",153673.0,114354 - 192992,,12802.0
,midlevel,,company_470,"Austin, TX",4 months ago,"Austin, TX, US",Education,,16011.0,,68505,"['linux', 'python']",68505,68505.0,"['linux', 'python']",68505.0,68505,,16011.0
data scientist,senior,on-site,company_474,"Irvine, CA",6 days ago,US,Technology,Private,5540.0,,92252 - 170573,"['amazon', 'pytorch', 'aws', 'python', 'java', 'machine learning', 'deep learning', 'keras', 'azure', 'tensorflow']",92252,170573.0,"['amazon', 'pytorch', 'aws', 'python', 'java', 'machine learning', 'deep learning', 'keras', 'azure', 'tensorflow']",131412.5,92252 - 170573,,5540.0
data scientist,senior,remote,company_475,"Brisbane, CA",19 days ago,"South San Francisco, CA, US",Healthcare,Public,660.0,,164408 - 211900,"['pandas', 'numpy', 'git', 'r', 'python', 'scikit-learn', 'machine learning', 'matplotlib']",164408,211900.0,"['pandas', 'numpy', 'git', 'r', 'python', 'scikit-learn', 'machine learning', 'matplotlib']",188154.0,164408 - 211900,,660.0
data scientist,,on-site,company_477,"Mountain View, California, United States",5 months ago,"Mountain View, CA, US",Technology,Private,310.0,,187241,[],187241,187241.0,[],187241.0,187241,,310.0
machine learning engineer,senior,,company_142,"New York, NY",a year ago,"Cambridge, MA, US",Technology,,,,146141 - 255740,"['pytorch', 'machine learning']",146141,255740.0,"['pytorch', 'machine learning']",200940.5,146141 - 255740,,
data scientist,midlevel,hybrid,company_480,"Kansas City, KS",a month ago,"Kansas City, KS, US",Healthcare,,4104.0,,75814 - 119654,"['pytorch', 'r', 'python', 'machine learning', 'deep learning', 'tensorflow']",75814,119654.0,"['pytorch', 'r', 'python', 'machine learning', 'deep learning', 'tensorflow']",97734.0,75814 - 119654,,4104.0
data scientist,senior,on-site,company_482,"Boston, MA",22 days ago,"Boston, MA, US",Finance,Private,45070.0,,109600,"['deep learning', 'machine learning']",109600,109600.0,"['deep learning', 'machine learning']",109600.0,109600,,45070.0
data scientist,senior,hybrid,company_340,"San Jose, CA",2 months ago,"New York, NY, US",Technology,Private,750.0,,112803 - 194408,"['sql', 'machine learning', 'r', 'python']",112803,194408.0,"['sql', 'machine learning', 'r', 'python']",153605.5,112803 - 194408,,750.0
data scientist,junior,on-site,company_484,"San Diego, CA",7 days ago,"San Diego, CA, US",Technology,Private,1050.0,,81294 - 109607,"['sql', 'machine learning', 'tableau']",81294,109607.0,"['sql', 'machine learning', 'tableau']",95450.5,81294 - 109607,,1050.0
data scientist,senior,remote,company_485,United States,14 days ago,"Eden Prairie, MN, US",Technology,Private,550.0,,127869 - 164402,"['pytorch', 'scikit-learn', 'python', 'java', 'machine learning', 'tensorflow']",127869,164402.0,"['pytorch', 'scikit-learn', 'python', 'java', 'machine learning', 'tensorflow']",146135.5,127869 - 164402,,550.0
data scientist,senior,,company_486,"Bengaluru, Karnataka, India",a month ago,"San Jose, CA, US",Technology,Private,1800.0,,19988,"['pytorch', 'aws', 'python', 'docker', 'gcp', 'kubernetes', 'azure']",19988,19988.0,"['pytorch', 'aws', 'python', 'docker', 'gcp', 'kubernetes', 'azure']",19988.0,19988,,1800.0
data scientist,senior,hybrid,company_313,"Toronto, Ontario, Canada",7 days ago,"London, GB",Finance,Public,29480.0,,73457,"['machine learning', 'python']",73457,73457.0,"['machine learning', 'python']",73457.0,73457,,29480.0
data scientist,senior,,company_488,"Boston, MA",25 days ago,"Boston, MA, US",Healthcare,,4310.0,,138543 - 173111,"['r', 'python', 'sql', 'machine learning', 'tableau']",138543,173111.0,"['r', 'python', 'sql', 'machine learning', 'tableau']",155827.0,138543 - 173111,,4310.0
data scientist,junior,hybrid,company_490,"Overland Park, KS",3 days ago,"Bellevue, WA, US",Technology,Public,83550.0,,78825 - 142210,"['sql', 'machine learning', 'r', 'python']",78825,142210.0,"['sql', 'machine learning', 'r', 'python']",110517.5,78825 - 142210,,83550.0
data scientist,midlevel,,company_268,"Singapore, Singapore",2 days ago,"Singapore, SG",Finance,Public,30830.0,,67044,"['spark', 'git', 'python', 'sql', 'hadoop']",67044,67044.0,"['spark', 'git', 'python', 'sql', 'hadoop']",67044.0,67044,,30830.0
data scientist,lead,hybrid,company_499,"Lake Mary, FL",4 days ago,"New York, NY, US",Finance,Public,51750.0,,109606,"['sql', 'kubernetes', 'machine learning', 'python']",109606,109606.0,"['sql', 'kubernetes', 'machine learning', 'python']",109606.0,109606,,51750.0
data scientist,senior,hybrid,company_500,"Vilniaus, Lithuania",5 months ago,"Miami, FL, US",Technology,Private,75.0,,5940 - 8223,"['aws', 'database', 'sql', 'machine learning', 'gcp', 'kubernetes', 'deep learning', 'azure']",5940,8223.0,"['aws', 'database', 'sql', 'machine learning', 'gcp', 'kubernetes', 'deep learning', 'azure']",7081.5,5940 - 8223,,75.0
data scientist,midlevel,on-site,company_503,"Brazil, Sao Paulo",14 days ago,"São Paulo, SP, BR",Technology,Private,7070.0,,28878 - 39713,[],28878,39713.0,[],34295.5,28878 - 39713,,7070.0
data scientist,senior,,company_513,"Washington, DC",2 days ago,"Vienna, VA, US",Technology,Private,90.0,,146134 - 182667,"['spark', 'r', 'python', 'sql', 'machine learning']",146134,182667.0,"['spark', 'r', 'python', 'sql', 'machine learning']",164400.5,146134 - 182667,,90.0
data scientist,,remote,company_516,Fully Remote,2 days ago,"San Diego, CA, US",Technology,Private,126.0,,127874 - 141573,[],127874,141573.0,[],134723.5,127874 - 141573,,126.0
data scientist,lead,remote,company_517,Fully Remote,7 days ago,"Gaithersburg, MD, US",Technology,Private,750.0,,255738,[],255738,255738.0,[],255738.0,255738,,750.0
data scientist,senior,,company_521,"San Francisco, CA",13 days ago,"San Francisco, CA, US",Technology,Private,524.0,,114175 - 155274,"['pandas', 'sql', 'python']",114175,155274.0,"['pandas', 'sql', 'python']",134724.5,114175 - 155274,,524.0
data scientist,senior,remote,company_523,"Alpharetta, GA",3 months ago,"Chicago, IL, US",Healthcare,Public,6470.0,,82480 - 137371,"['pandas', 'numpy', 'aws', 'scikit-learn', 'python', 'scipy', 'database', 'matplotlib']",82480,137371.0,"['pandas', 'numpy', 'aws', 'scikit-learn', 'python', 'scipy', 'database', 'matplotlib']",109925.5,82480 - 137371,,6470.0
data scientist,senior,on-site,company_524,"Orlando, FL",4 days ago,"Fairfax, VA, US",Technology,Private,8520.0,,97168 - 107796,"['amazon', 'azure', 'machine learning']",97168,107796.0,"['amazon', 'azure', 'machine learning']",102482.0,97168 - 107796,,8520.0
data scientist,senior,,company_527,"Plainsboro, NJ",7 days ago,"Bagsværd, DK",Healthcare,Public,55215.0,,131088,['deep learning'],131088,131088.0,['deep learning'],131088.0,131088,,55215.0
machine learning engineer,,hybrid,company_532,"New York, NY",23 days ago,"New York, NY, US",Technology,Private,180.0,,173536 - 228335,[],173536,228335.0,[],200935.5,173536 - 228335,,180.0
data scientist,senior,remote,company_540,Fully Remote,8 days ago,"San Diego, CA, US",Technology,Private,45.0,,118741,[],118741,118741.0,[],118741.0,118741,,45.0
data scientist,lead,hybrid,company_544,"Tempe, AZ",20 days ago,"Bloomington, IL, US",Finance,Private,55070.0,,100470 - 137003,"['linux', 'aws', 'r', 'python']",100470,137003.0,"['linux', 'aws', 'r', 'python']",118736.5,100470 - 137003,,55070.0
data scientist,senior,on-site,company_545,"Indianapolis, IN",15 days ago,"Indianapolis, IN, US",Healthcare,Public,35050.0,,138373 - 202945,['tableau'],138373,202945.0,['tableau'],170659.0,138373 - 202945,,35050.0
machine learning engineer,senior,hybrid,company_546,"Redwood City, CA",7 days ago,"Redwood City, CA, US",Retail,Public,2010.0,,172567 - 244914,"['pytorch', 'spark', 'python', 'scala', 'sql', 'machine learning', 'deep learning', 'tensorflow']",172567,244914.0,"['pytorch', 'spark', 'python', 'scala', 'sql', 'machine learning', 'deep learning', 'tensorflow']",208740.5,172567 - 244914,,2010.0
data scientist,senior,hybrid,company_549,"Santa Clara, CA",3 months ago,"Santa Clara, CA, US",Technology,Private,600.0,,205499 - 273999,"['pandas', 'numpy', 'pytorch', 'spark', 'aws', 'python', 'machine learning', 'gcp', 'deep learning', 'azure', 'matplotlib', 'tensorflow']",205499,273999.0,"['pandas', 'numpy', 'pytorch', 'spark', 'aws', 'python', 'machine learning', 'gcp', 'deep learning', 'azure', 'matplotlib', 'tensorflow']",239749.0,205499 - 273999,,600.0
data scientist,senior,on-site,company_551,"Bengaluru, Karnataka, India",2 months ago,"Vancouver, BC, CA",Technology,Private,1310.0,,15667,"['powerbi', 'python', 'sql', 'machine learning', 'deep learning', 'matplotlib', 'tableau']",15667,15667.0,"['powerbi', 'python', 'sql', 'machine learning', 'deep learning', 'matplotlib', 'tableau']",15667.0,15667,,1310.0
data scientist,,remote,company_019,Fully Remote,a month ago,"Boston, MA, US",Technology,Private,126.0,,155272,[],155272,155272.0,[],155272.0,155272,,126.0
data scientist,lead,on-site,company_555,"Boston, MA",7 days ago,"Boston, MA, US",Finance,Public,3040.0,,141571,"['sql', 'machine learning', 'r', 'python']",141571,141571.0,"['sql', 'machine learning', 'r', 'python']",141571.0,141571,,3040.0
data scientist,senior,hybrid,company_558,"Boston, MA",16 hours ago,"Boston, MA, US",Finance,Private,60640.0,,109605 - 159838,"['r', 'python', 'machine learning', 'keras', 'deep learning', 'tensorflow']",109605,159838.0,"['r', 'python', 'machine learning', 'keras', 'deep learning', 'tensorflow']",134721.5,109605 - 159838,,60640.0
data scientist,lead,remote,company_155,"Raleigh, NC",18 days ago,"Chicago, IL, US",Technology,Public,2570.0,,146135 - 182668,"['aws', 'scikit-learn', 'python', 'sql', 'machine learning', 'tensorflow']",146135,182668.0,"['aws', 'scikit-learn', 'python', 'sql', 'machine learning', 'tensorflow']",164401.5,146135 - 182668,,2570.0
data scientist,senior,remote,company_564,Fully Remote,a month ago,"Palo Alto, CA, US",Technology,Private,300.0,,168061 - 192721,[],168061,192721.0,[],180391.0,168061 - 192721,,300.0
data scientist,senior,on-site,company_568,"Brooklyn, OH",a month ago,"Cleveland, OH, US",Finance,Public,18030.0,,115085 - 126958,"['sql', 'r', 'python']",115085,126958.0,"['sql', 'r', 'python']",121021.5,115085 - 126958,,18030.0
data scientist,senior,remote,company_572,Fully Remote,3 days ago,"San Francisco, CA, US",Technology,Private,45.0,,155269 - 178102,[],155269,178102.0,[],166685.5,155269 - 178102,,45.0
data scientist,midlevel,on-site,company_574,"Chicago, IL",5 days ago,CA,Technology,Private,43933.0,,52518 - 97271,[],52518,97271.0,[],74894.5,52518 - 97271,,43933.0
data scientist,senior,on-site,company_577,"South San Francisco, CA",4 days ago,"South San Francisco, CA, US",Technology,Private,126.0,,147049 - 185363,"['pytorch', 'aws', 'r', 'python', 'docker', 'scikit-learn', 'machine learning', 'gcp', 'deep learning', 'azure', 'matplotlib', 'tensorflow']",147049,185363.0,"['pytorch', 'aws', 'r', 'python', 'docker', 'scikit-learn', 'machine learning', 'gcp', 'deep learning', 'azure', 'matplotlib', 'tensorflow']",166206.0,147049 - 185363,,126.0
data scientist,midlevel,on-site,company_579,"Philadelphia, PA",10 months ago,"Philadelphia, PA, US",Education,,39879.0,,91339 - 109605,"['sql', 'machine learning', 'r', 'python']",91339,109605.0,"['sql', 'machine learning', 'r', 'python']",100472.0,91339 - 109605,,39879.0
data scientist,lead,on-site,company_412,"Minneapolis, MN",a month ago,"Minneapolis, MN, US",Finance,Private,1320.0,,112348 - 168609,"['pytorch', 'aws', 'python', 'sql', 'machine learning', 'gcp', 'azure', 'tensorflow']",112348,168609.0,"['pytorch', 'aws', 'python', 'sql', 'machine learning', 'gcp', 'azure', 'tensorflow']",140478.5,112348 - 168609,,1320.0
data scientist,senior,hybrid,company_500,"Bucharest, Bucharest, Romania",2 months ago,"Miami, FL, US",Technology,Private,75.0,,5939 - 8222,"['aws', 'database', 'sql', 'machine learning', 'gcp', 'kubernetes', 'deep learning', 'azure']",5939,8222.0,"['aws', 'database', 'sql', 'machine learning', 'gcp', 'kubernetes', 'deep learning', 'azure']",7080.5,5939 - 8222,,75.0
data scientist,senior,remote,company_587,United States,14 days ago,"Rockville, MD, US",Healthcare,Private,490.0,,91336 - 109602,"['pandas', 'numpy', 'aws', 'git', 'scikit-learn', 'python', 'sql', 'gcp', 'database', 'machine learning']",91336,109602.0,"['pandas', 'numpy', 'aws', 'git', 'scikit-learn', 'python', 'sql', 'gcp', 'database', 'machine learning']",100469.0,91336 - 109602,,490.0
machine learning engineer,senior,remote,company_589,Fully Remote,a month ago,"Chicago, IL, US",Technology,Public,990.0,,197190 - 236660,[],197190,236660.0,[],216925.0,197190 - 236660,,990.0
data scientist,senior,hybrid,company_590,"San Francisco, California, United States",a month ago,"Pittsburgh, PA, US",Healthcare,Private,45.0,,159834 - 205500,[],159834,205500.0,[],182667.0,159834 - 205500,,45.0
data scientist,senior,hybrid,company_591,"Chicago, IL",2 months ago,"Chicago, IL, US",Healthcare,Private,420.0,,95901 - 123301,"['sql', 'machine learning', 'scikit-learn', 'python']",95901,123301.0,"['sql', 'machine learning', 'scikit-learn', 'python']",109601.0,95901 - 123301,,420.0
data scientist,senior,hybrid,company_145,"Austin, Texas",a day ago,"San Jose, CA, US",Technology,Public,2760.0,,200937,[],200937,200937.0,[],200937.0,200937,,2760.0
data scientist,senior,on-site,company_596,"San Diego, CA",a month ago,"San Diego, CA, US",Healthcare,Public,4040.0,,129513 - 215914,"['r', 'python', 'scala', 'sql', 'gcp']",129513,215914.0,"['r', 'python', 'scala', 'sql', 'gcp']",172713.5,129513 - 215914,,4040.0
data scientist,lead,,company_598,Salt Lake City Metropolitan Area,7 days ago,"Salt Lake City, UT, US",Education,,9030.0,,182667,"['sql', 'machine learning', 'python']",182667,182667.0,"['sql', 'machine learning', 'python']",182667.0,182667,,9030.0
data scientist,midlevel,,company_601,"Pune, Maharashtra, India",7 days ago,"London, GB",Finance,Public,205350.0,,30455,"['scikit-learn', 'python', 'sql', 'database', 'machine learning']",30455,30455.0,"['scikit-learn', 'python', 'sql', 'database', 'machine learning']",30455.0,30455,,205350.0
data scientist,junior,,company_603,"Queenstown, Central Singapore Community Development Council, Singapore",3 months ago,"Singapore, SG",Education,,210.0,,54802,"['tableau', 'r', 'python']",54802,54802.0,"['tableau', 'r', 'python']",54802.0,54802,,210.0
data scientist,midlevel,remote,company_472,"Brookfield, WI",7 days ago,"Seattle, WA, US",Healthcare,Private,3810.0,,59552 - 138317,"['aws', 'r', 'python', 'sql', 'machine learning']",59552,138317.0,"['aws', 'r', 'python', 'sql', 'machine learning']",98934.5,59552 - 138317,,3810.0
data scientist,senior,hybrid,company_607,"Yonkers, New York, United States",17 hours ago,"Yonkers, NY, US",Healthcare,Private,683.0,,120568 - 134268,[],120568,134268.0,[],127418.0,120568 - 134268,,683.0
data scientist,senior,hybrid,company_608,"Berlin, Berlin, Germany",a month ago,"Berlin, DE",Technology,Private,8350.0,,86270 - 119421,"['scala', 'spark', 'machine learning', 'python']",86270,119421.0,"['scala', 'spark', 'machine learning', 'python']",102845.5,86270 - 119421,,8350.0
data scientist,lead,hybrid,company_609,"Golden Valley, MN",7 days ago,"Austin, TX, US",Technology,Public,4770.0,,119819 - 178753,"['pandas', 'numpy', 'pytorch', 'spark', 'aws', 'git', 'r', 'python', 'scikit-learn', 'sql', 'machine learning', 'keras', 'azure', 'tensorflow']",119819,178753.0,"['pandas', 'numpy', 'pytorch', 'spark', 'aws', 'git', 'r', 'python', 'scikit-learn', 'sql', 'machine learning', 'keras', 'azure', 'tensorflow']",149286.0,119819 - 178753,,4770.0
data scientist,senior,hybrid,company_610,"Chicago, IL",5 days ago,"Chicago, IL, US",Technology,Private,51270.0,,83821,"['git', 'r', 'python', 'sql', 'machine learning', 'deep learning']",83821,83821.0,"['git', 'r', 'python', 'sql', 'machine learning', 'deep learning']",83821.0,83821,,51270.0
data scientist,senior,remote,company_611,Fully Remote,22 days ago,"Denver, CO, US",Technology,Public,2540.0,,137006 - 200939,[],137006,200939.0,[],168972.5,137006 - 200939,,2540.0
data scientist,senior,,company_614,Ukraine,14 days ago,"Austin, TX, US",Technology,Private,10270.0,,65768,"['amazon', 'pytorch', 'python', 'machine learning', 'deep learning', 'tensorflow']",65768,65768.0,"['amazon', 'pytorch', 'python', 'machine learning', 'deep learning', 'tensorflow']",65768.0,65768,,10270.0
data scientist,lead,remote,company_615,Fully Remote,a month ago,"New York, NY, US",Healthcare,Private,180.0,,173536 - 200936,[],173536,200936.0,[],187236.0,173536 - 200936,,180.0
data scientist,,on-site,company_383,"Barcelona, Spain",a month ago,"Milano, IT",Technology,Private,3780.0,,46527 - 76221,[],46527,76221.0,[],61374.0,46527 - 76221,,3780.0
data scientist,,hybrid,company_624,Hybrid,a month ago,"Paris, IDF, FR",Technology,Private,180.0,,39254 - 58876,[],39254,58876.0,[],49065.0,39254 - 58876,,180.0
data scientist,senior,remote,company_625,Fully Remote,6 months ago,"San Francisco, CA, US",Energy,Private,90.0,,141572 - 168972,[],141572,168972.0,[],155272.0,141572 - 168972,,90.0
data scientist,midlevel,on-site,company_631,"San Francisco, CA",21 days ago,"Santa Monica, CA, US",Technology,Public,9300.0,,130666 - 241896,"['spark', 'aws', 'python', 'airflow', 'sql', 'gcp', 'machine learning']",130666,241896.0,"['spark', 'aws', 'python', 'airflow', 'sql', 'gcp', 'machine learning']",186281.0,130666 - 241896,,9300.0
data scientist,midlevel,on-site,company_634,"Rockville, MD",a month ago,"Brentford, GB",Healthcare,Public,106370.0,,124333 - 207218,"['machine learning', 'r', 'python']",124333,207218.0,"['machine learning', 'r', 'python']",165775.5,124333 - 207218,,106370.0
data scientist,senior,hybrid,company_423,"New York, NY",2 months ago,"New York, NY, US",Technology,Private,500.0,,109603 - 118736,[],109603,118736.0,[],114169.5,109603 - 118736,,500.0
data scientist,lead,on-site,company_057,"Seattle, WA",7 days ago,"Seattle, WA, US",Retail,Public,157150.0,,120567,"['python', 'sql', 'machine learning', 'azure', 'tableau']",120567,120567.0,"['python', 'sql', 'machine learning', 'azure', 'tableau']",120567.0,120567,,157150.0
data scientist,senior,remote,company_638,United States,7 days ago,"Chicago, IL, US",Technology,Private,960.0,,109600 - 118733,"['spark', 'aws', 'git', 'r', 'python', 'powerbi', 'scala', 'java', 'sql', 'machine learning', 'gcp', 'hadoop', 'azure', 'matplotlib', 'tableau']",109600,118733.0,"['spark', 'aws', 'git', 'r', 'python', 'powerbi', 'scala', 'java', 'sql', 'machine learning', 'gcp', 'hadoop', 'azure', 'matplotlib', 'tableau']",114166.5,109600 - 118733,,960.0
data scientist,lead,on-site,company_640,United States,14 days ago,"Coraopolis, PA, US",Retail,Public,50040.0,,86958,"['pytorch', 'spark', 'python', 'machine learning', 'deep learning', 'azure', 'tensorflow']",86958,86958.0,"['pytorch', 'spark', 'python', 'machine learning', 'deep learning', 'azure', 'tensorflow']",86958.0,86958,,50040.0
data scientist,senior,remote,company_642,Fully Remote,2 days ago,"Boston, MA, US",Healthcare,Private,360.0,,109606 - 146139,[],109606,146139.0,[],127872.5,109606 - 146139,,360.0
data scientist,senior,hybrid,company_643,"Minneapolis, MN",7 days ago,"Sugar Land, TX, US",Healthcare,Private,751.0,,103871,"['sql', 'machine learning', 'r', 'python']",103871,103871.0,"['sql', 'machine learning', 'r', 'python']",103871.0,103871,,751.0
data scientist,,hybrid,company_645,Hybrid,a year ago,"Berkeley, CA, US",Technology,Private,180.0,,137003 - 173536,[],137003,173536.0,[],155269.5,137003 - 173536,,180.0
data scientist,senior,remote,company_647,"India, Bengaluru",5 days ago,"London, GB",Technology,Private,900.0,,39026,[],39026,39026.0,[],39026.0,39026,,900.0
machine learning engineer,senior,on-site,company_653,"Colorado Springs, CO",14 days ago,"Huntsville, AL, US",Technology,Private,1040.0,,109608 - 127875,"['pytorch', 'scikit-learn', 'machine learning', 'tensorflow']",109608,127875.0,"['pytorch', 'scikit-learn', 'machine learning', 'tensorflow']",118741.5,109608 - 127875,,1040.0
data scientist,senior,hybrid,company_654,"San Francisco, CA",21 days ago,"San Francisco, CA, US",Technology,Private,780.0,,146135 - 196368,[],146135,196368.0,[],171251.5,146135 - 196368,,780.0
data scientist,senior,,company_254,"Chicago, IL",7 days ago,"South Bend, IN, US",Healthcare,Public,2540.0,,63942 - 86775,"['powerbi', 'r', 'python', 'sql', 'database', 'hadoop', 'tableau']",63942,86775.0,"['powerbi', 'r', 'python', 'sql', 'database', 'hadoop', 'tableau']",75358.5,63942 - 86775,,2540.0
data scientist,senior,on-site,company_662,On-site,13 days ago,"Redwood City, CA, US",Technology,Private,600.0,,147968,[],147968,147968.0,[],147968.0,147968,,600.0
data scientist,,hybrid,company_645,Hybrid,3 years ago,"Berkeley, CA, US",Technology,Private,180.0,,137005 - 173538,[],137005,173538.0,[],155271.5,137005 - 173538,,180.0
data scientist,,on-site,company_665,"South San Francisco, California, United States",2 months ago,"San Francisco, CA, US",Technology,Private,45.0,,159835 - 182668,[],159835,182668.0,[],171251.5,159835 - 182668,,45.0
data scientist,senior,,company_666,"Singapore, Singapore",a month ago,SG,Technology,,6040.0,,80624,['database'],80624,80624.0,['database'],80624.0,80624,,6040.0
data scientist,lead,on-site,company_668,"Sacramento, California, United States",2 months ago,"San Francisco, CA, US",Technology,Private,420.0,,218288,[],218288,218288.0,[],218288.0,218288,,420.0
data scientist,,on-site,company_670,"Annapolis Junction, Maryland, United States",7 days ago,"Herndon, VA, US",Technology,Private,57.0,,45667 - 264871,[],45667,264871.0,[],155269.0,45667 - 264871,,57.0
data scientist,senior,remote,company_675,Fully Remote,2 months ago,"El Segundo, CA, US",Technology,Private,45.0,,141574 - 182674,[],141574,182674.0,[],162124.0,141574 - 182674,,45.0
data scientist,senior,hybrid,company_216,United States,4 days ago,"Boston, MA, US",Technology,Public,3050.0,,130609 - 209155,"['pytorch', 'aws', 'scikit-learn', 'python', 'sql', 'machine learning', 'deep learning', 'tensorflow']",130609,209155.0,"['pytorch', 'aws', 'scikit-learn', 'python', 'sql', 'machine learning', 'deep learning', 'tensorflow']",169882.0,130609 - 209155,,3050.0
data scientist,senior,,company_678,"Fort Huachuca, AZ",22 days ago,"Herndon, VA, US",Technology,Private,5060.0,,60287 - 96820,[],60287,96820.0,[],78553.5,60287 - 96820,,5060.0
data scientist,senior,on-site,company_680,"Richmond, VA",8 days ago,"Plano, TX, US",Technology,Private,2300.0,,91334 - 109600,"['git', 'r', 'python', 'sql', 'machine learning']",91334,109600.0,"['git', 'r', 'python', 'sql', 'machine learning']",100467.0,91334 - 109600,,2300.0
data scientist,senior,,company_678,"Ashburn, VA",21 days ago,"Herndon, VA, US",Technology,Private,5030.0,,160753 - 257566,"['spark', 'aws', 'r', 'python', 'scala', 'java', 'sql', 'machine learning', 'hadoop', 'azure', 'tableau']",160753,257566.0,"['spark', 'aws', 'r', 'python', 'scala', 'java', 'sql', 'machine learning', 'hadoop', 'azure', 'tableau']",209159.5,160753 - 257566,,5030.0
data scientist,lead,,company_685,"New York, NY",6 months ago,"New York, NY, US",Technology,Private,2060.0,,79654 - 125307,"['spark', 'aws', 'python', 'sql', 'machine learning']",79654,125307.0,"['spark', 'aws', 'python', 'sql', 'machine learning']",102480.5,79654 - 125307,,2060.0
data scientist,senior,on-site,company_689,Greater Milwaukee,8 days ago,"Green Bay, WI, US",Retail,Public,4760.0,,94111 - 161332,"['spark', 'aws', 'r', 'python', 'scala', 'sql', 'machine learning', 'gcp', 'deep learning', 'hadoop', 'azure', 'tableau']",94111,161332.0,"['spark', 'aws', 'r', 'python', 'scala', 'sql', 'machine learning', 'gcp', 'deep learning', 'hadoop', 'azure', 'tableau']",127721.5,94111 - 161332,,4760.0
data scientist,lead,,company_488,"Boston, MA",23 days ago,"Boston, MA, US",Healthcare,,4270.0,,149604 - 182849,"['r', 'python', 'sql', 'machine learning', 'tableau']",149604,182849.0,"['r', 'python', 'sql', 'machine learning', 'tableau']",166226.5,149604 - 182849,,4270.0
data scientist,senior,hybrid,company_690,"Maplewood, MN",7 days ago,"Maplewood, MN, US",Healthcare,Public,22030.0,,146393 - 178925,"['machine learning', 'r', 'python']",146393,178925.0,"['machine learning', 'r', 'python']",162659.0,146393 - 178925,,22030.0
data scientist,senior,,company_694,"San Francisco, CA",2 days ago,"San Francisco, CA, US",Finance,Private,90.0,,200936 - 264868,"['amazon', 'machine learning']",200936,264868.0,"['amazon', 'machine learning']",232902.0,200936 - 264868,,90.0
data scientist,senior,hybrid,company_697,"Austin, TX",14 days ago,"Austin, TX, US",Technology,Private,330.0,,109606 - 146139,"['pandas', 'numpy', 'aws', 'r', 'python', 'scikit-learn', 'airflow', 'sql', 'machine learning', 'gcp', 'azure', 'matplotlib', 'tableau']",109606,146139.0,"['pandas', 'numpy', 'aws', 'r', 'python', 'scikit-learn', 'airflow', 'sql', 'machine learning', 'gcp', 'azure', 'matplotlib', 'tableau']",127872.5,109606 - 146139,,330.0
data scientist,senior,hybrid,company_521,"San Francisco, CA",4 days ago,"San Francisco, CA, US",Technology,Private,524.0,,164408 - 182674,"['sql', 'machine learning', 'python']",164408,182674.0,"['sql', 'machine learning', 'python']",173541.0,164408 - 182674,,524.0
data scientist,junior,remote,company_702,"Dallas, TX",14 days ago,"Dallas, TX, US",Healthcare,,2840.0,,43700,"['machine learning', 'r', 'python']",43700,43700.0,"['machine learning', 'r', 'python']",43700.0,43700,,2840.0
data scientist,lead,,company_704,"Elsbethen, Salzburg, Austria",7 days ago,"Fuschl am See, AT",Energy,Private,13070.0,,29498,"['sql', 'git', 'r', 'python']",29498,29498.0,"['sql', 'git', 'r', 'python']",29498.0,29498,,13070.0
data scientist,,on-site,company_705,"San Francisco, CA",13 days ago,"San Francisco, CA, US",Technology,Private,90.0,,131528 - 175367,[],131528,175367.0,[],153447.5,131528 - 175367,,90.0
data scientist,lead,hybrid,company_706,"Los Angeles, CA",a month ago,"Los Angeles, CA, US",Technology,Private,150.0,,104128 - 192721,[],104128,192721.0,[],148424.5,104128 - 192721,,150.0
data scientist,,hybrid,company_708,Hybrid,5 months ago,"San Francisco, CA, US",Technology,Private,45.0,,118739 - 155272,[],118739,155272.0,[],137005.5,118739 - 155272,,45.0
data scientist,senior,hybrid,company_709,"Chicago, Illinois, United States",7 days ago,"Buffalo Grove, IL, US",Manufacturing,Private,420.0,,156187,[],156187,156187.0,[],156187.0,156187,,420.0
data scientist,senior,remote,company_714,Fully Remote,20 days ago,"Ann Arbor, MI, US",Technology,Private,210.0,,200936,[],200936,200936.0,[],200936.0,200936,,210.0
data scientist,lead,remote,company_718,"Detroit, MI",a day ago,"Columbus, OH, US",Finance,Public,26010.0,,90424,"['aws', 'r', 'python', 'scikit-learn', 'sql', 'machine learning', 'database', 'deep learning', 'tensorflow']",90424,90424.0,"['aws', 'r', 'python', 'scikit-learn', 'sql', 'machine learning', 'database', 'deep learning', 'tensorflow']",90424.0,90424,,26010.0
data scientist,junior,on-site,company_723,"Miami, FL",14 days ago,"Chicago, IL, US",Finance,Private,3790.0,,182667,"['pandas', 'spark', 'r', 'python', 'scikit-learn', 'sql', 'gcp', 'machine learning', 'tensorflow', 'tableau']",182667,182667.0,"['pandas', 'spark', 'r', 'python', 'scikit-learn', 'sql', 'gcp', 'machine learning', 'tensorflow', 'tableau']",182667.0,182667,,3790.0
data scientist,lead,,company_727,"New York County, NY",14 days ago,"Chicago, IL, US",Retail,Private,14460.0,,100473,[],100473,100473.0,[],100473.0,100473,,14460.0
data scientist,lead,hybrid,company_728,"Los Angeles, CA",a month ago,"Los Angeles, CA, US",Technology,Private,150.0,,237468,[],237468,237468.0,[],237468.0,237468,,150.0
data scientist,senior,on-site,company_737,United States,a month ago,"San Francisco, CA, US",Technology,Public,1780.0,,114170,"['pytorch', 'aws', 'r', 'python', 'sql', 'machine learning', 'database', 'deep learning', 'tensorflow']",114170,114170.0,"['pytorch', 'aws', 'r', 'python', 'sql', 'machine learning', 'database', 'deep learning', 'tensorflow']",114170.0,114170,,1780.0
data scientist,senior,,company_738,"Boston, MA",14 days ago,"San Francisco, CA, US",Finance,Private,700.0,,189518 - 205501,"['amazon', 'spark', 'git', 'r', 'python', 'linux', 'java', 'sql', 'machine learning', 'database', 'azure']",189518,205501.0,"['amazon', 'spark', 'git', 'r', 'python', 'linux', 'java', 'sql', 'machine learning', 'database', 'azure']",197509.5,189518 - 205501,,700.0
data scientist,senior,hybrid,company_742,"New York, NY",15 days ago,"New York, NY, US",Retail,Public,1800.0,,68501 - 73068,"['amazon', 'r', 'python', 'sql', 'machine learning']",68501,73068.0,"['amazon', 'r', 'python', 'sql', 'machine learning']",70784.5,68501 - 73068,,1800.0
data scientist,senior,on-site,company_744,"Lake Oswego, OR",2 months ago,"Roseburg, OR, US",Finance,Public,3780.0,,81237 - 150867,"['aws', 'r', 'python', 'sql', 'machine learning', 'azure']",81237,150867.0,"['aws', 'r', 'python', 'sql', 'machine learning', 'azure']",116052.0,81237 - 150867,,3780.0
data scientist,midlevel,on-site,company_745,San Francisco Bay Area,5 days ago,"San Francisco, CA, US",Technology,Private,300.0,,78551 - 139744,"['pandas', 'numpy', 'pytorch', 'aws', 'scikit-learn', 'python', 'tensorflow']",78551,139744.0,"['pandas', 'numpy', 'pytorch', 'aws', 'scikit-learn', 'python', 'tensorflow']",109147.5,78551 - 139744,,300.0
data scientist,senior,on-site,company_746,United States,25 days ago,"Omaha, NE, US",Technology,Private,90.0,,95906 - 114173,"['sql', 'machine learning', 'r', 'python']",95906,114173.0,"['sql', 'machine learning', 'r', 'python']",105039.5,95906 - 114173,,90.0
data scientist,,,company_754,"Alameda, CA",2 months ago,"Alameda, CA, US",Healthcare,Public,2320.0,,38730 - 61967,[],38730,61967.0,[],50348.5,38730 - 61967,,2320.0
data scientist,senior,remote,company_757,United States,14 days ago,"Miami, FL, US",Finance,Private,226.0,,150707 - 200940,"['sql', 'python']",150707,200940.0,"['sql', 'python']",175823.5,150707 - 200940,,226.0
data scientist,senior,on-site,company_759,United States,a month ago,"Reston, VA, US",Technology,Public,34020.0,,164406,"['pandas', 'pytorch', 'aws', 'r', 'python', 'linux', 'java', 'machine learning', 'gcp', 'deep learning', 'azure', 'tensorflow']",164406,164406.0,"['pandas', 'pytorch', 'aws', 'r', 'python', 'linux', 'java', 'machine learning', 'gcp', 'deep learning', 'azure', 'tensorflow']",164406.0,164406,,34020.0
data scientist,senior,,company_762,"Grand Rapids, MI",a month ago,"Grand Rapids, MI, US",Retail,Private,70060.0,,115541,"['pandas', 'numpy', 'pytorch', 'r', 'python', 'sql', 'machine learning', 'azure', 'tensorflow']",115541,115541.0,"['pandas', 'numpy', 'pytorch', 'r', 'python', 'sql', 'machine learning', 'azure', 'tensorflow']",115541.0,115541,,70060.0
data scientist,senior,,company_763,"Ahmedabad, Gujarat, India",7 days ago,"New York, NY, US",Technology,Public,26670.0,,18675,"['pytorch', 'deep learning', 'machine learning', 'python']",18675,18675.0,"['pytorch', 'deep learning', 'machine learning', 'python']",18675.0,18675,,26670.0
data scientist,senior,on-site,company_555,"New York, NY",10 days ago,"Boston, MA, US",Finance,Public,3060.0,,141570,"['kubernetes', 'machine learning', 'python']",141570,141570.0,"['kubernetes', 'machine learning', 'python']",141570.0,141570,,3060.0
machine learning engineer,,hybrid,company_770,Hybrid,12 days ago,"San Francisco, CA, US",Energy,Private,1910.0,,109607 - 137007,[],109607,137007.0,[],123307.0,109607 - 137007,,1910.0
data scientist,senior,hybrid,company_145,"New York, New York",a day ago,"San Jose, CA, US",Technology,Public,2760.0,,120566 - 231992,[],120566,231992.0,[],176279.0,120566 - 231992,,2760.0
data scientist,senior,on-site,company_774,"Fredericksburg, VA",4 days ago,"Chevy Chase, MD, US",Technology,Private,25090.0,,100469 - 210068,"['powerbi', 'r', 'python', 'java', 'sql', 'machine learning', 'tableau']",100469,210068.0,"['powerbi', 'r', 'python', 'java', 'sql', 'machine learning', 'tableau']",155268.5,100469 - 210068,,25090.0
data scientist,senior,,company_780,"Los Angeles, CA",5 days ago,"Los Angeles, CA, US",Healthcare,Private,5674.0,,95356 - 163460,"['pandas', 'git', 'r', 'python', 'keras', 'machine learning']",95356,163460.0,"['pandas', 'git', 'r', 'python', 'keras', 'machine learning']",129408.0,95356 - 163460,,5674.0
data scientist,senior,,company_781,"Charlotte, NC",a month ago,"Stamford, CT, US",Technology,Public,96050.0,,95902,"['machine learning', 'r', 'python']",95902,95902.0,"['machine learning', 'r', 'python']",95902.0,95902,,96050.0
data scientist,senior,hybrid,company_782,"Munich, Germany",7 months ago,"OH, US",Manufacturing,Private,300.0,,62797 - 72216,[],62797,72216.0,[],67506.5,62797 - 72216,,300.0
data scientist,senior,hybrid,company_785,United States,14 days ago,"Birmingham, AL, US",Technology,Private,5780.0,,112343 - 225595,"['pytorch', 'spark', 'scikit-learn', 'python', 'sql', 'machine learning', 'tensorflow']",112343,225595.0,"['pytorch', 'spark', 'scikit-learn', 'python', 'sql', 'machine learning', 'tensorflow']",168969.0,112343 - 225595,,5780.0
data scientist,senior,hybrid,company_786,"Seattle, WA",18 days ago,"Seattle, WA, US",Retail,Public,74020.0,,147962 - 271261,"['aws', 'python', 'scala', 'java', 'gcp', 'machine learning']",147962,271261.0,"['aws', 'python', 'scala', 'java', 'gcp', 'machine learning']",209611.5,147962 - 271261,,74020.0
data scientist,senior,on-site,company_793,"Pittsburgh, PA",2 months ago,"Pittsburgh, PA, US",Education,,12609.0,,74793,['machine learning'],74793,74793.0,['machine learning'],74793.0,74793,,12609.0
data scientist,senior,on-site,company_795,"Calgary, Alberta, Canada",2 months ago,"Herndon, VA, US",Technology,Private,3550.0,,52067,"['scikit-learn', 'python']",52067,52067.0,"['scikit-learn', 'python']",52067.0,52067,,3550.0
data scientist,senior,on-site,company_796,"Augusta, GA",a month ago,"Columbia, MD, US",Technology,Private,150.0,,39797 - 87544,"['machine learning', 'python']",39797,87544.0,"['machine learning', 'python']",63670.5,39797 - 87544,,150.0
data scientist,senior,on-site,company_797,"Toronto, Ontario, Canada",a month ago,"Toronto, ON, CA",Retail,Public,20600.0,,59210,"['git', 'python', 'airflow', 'sql', 'machine learning', 'hadoop', 'azure']",59210,59210.0,"['git', 'python', 'airflow', 'sql', 'machine learning', 'hadoop', 'azure']",59210.0,59210,,20600.0
data scientist,senior,,company_800,"New York, United States",7 days ago,"New York, NY, US",Technology,Public,10040.0,,77313 - 96639,"['spark', 'aws', 'git', 'python', 'docker', 'airflow', 'sql', 'machine learning', 'tableau']",77313,96639.0,"['spark', 'aws', 'git', 'python', 'docker', 'airflow', 'sql', 'machine learning', 'tableau']",86976.0,77313 - 96639,,10040.0
data scientist,senior,,company_804,"Houston, TX",a month ago,"Bedford, MA, US",Technology,Public,2550.0,,118733,"['deep learning', 'machine learning', 'python']",118733,118733.0,"['deep learning', 'machine learning', 'python']",118733.0,118733,,2550.0
data scientist,senior,hybrid,company_807,"Chicago, IL",7 days ago,"Chicago, IL, US",Healthcare,,1570.0,,76471 - 101121,"['r', 'python', 'java', 'sql', 'machine learning', 'database', 'deep learning', 'tableau']",76471,101121.0,"['r', 'python', 'java', 'sql', 'machine learning', 'database', 'deep learning', 'tableau']",88796.0,76471 - 101121,,1570.0
data scientist,senior,on-site,company_226,"Henrietta, NY",3 months ago,"Rochester, NY, US",Education,,9260.0,,64121 - 96177,['machine learning'],64121,96177.0,['machine learning'],80149.0,64121 - 96177,,9260.0
data scientist,midlevel,on-site,company_796,"Denver, CO",a month ago,"Columbia, MD, US",Technology,Private,150.0,,55940 - 123063,"['machine learning', 'python']",55940,123063.0,"['machine learning', 'python']",89501.5,55940 - 123063,,150.0
data scientist,senior,hybrid,company_662,Hybrid,13 days ago,"Redwood City, CA, US",Technology,Private,600.0,,195456,[],195456,195456.0,[],195456.0,195456,,600.0
data scientist,,on-site,company_445,On-site,14 days ago,"Ventura, CA, US",Technology,Public,2270.0,,94264 - 172810,[],94264,172810.0,[],133537.0,94264 - 172810,,2270.0
data scientist,lead,hybrid,company_814,"Chicago, IL",9 days ago,"Austin, TX, US",Logistics,Private,1260.0,,182673 - 274006,[],182673,274006.0,[],228339.5,182673 - 274006,,1260.0
data scientist,senior,on-site,company_816,"San Francisco, CA",4 days ago,"San Francisco, CA, US",Retail,Public,117030.0,,144893 - 161660,"['aws', 'python', 'machine learning', 'azure', 'deep learning', 'tableau']",144893,161660.0,"['aws', 'python', 'machine learning', 'azure', 'deep learning', 'tableau']",153276.5,144893 - 161660,,117030.0
data scientist,senior,hybrid,company_817,United States,7 days ago,"New York, NY, US",Education,,3510.0,,137003 - 148876,"['pandas', 'aws', 'r', 'python', 'scikit-learn', 'sql', 'machine learning', 'gcp', 'azure']",137003,148876.0,"['pandas', 'aws', 'r', 'python', 'scikit-learn', 'sql', 'machine learning', 'gcp', 'azure']",142939.5,137003 - 148876,,3510.0
data scientist,junior,,company_819,"San Diego, CA",6 days ago,"San Diego, CA, US",Finance,,600.0,,86771 - 114171,"['pandas', 'numpy', 'pytorch', 'aws', 'r', 'python', 'scikit-learn', 'sql', 'machine learning', 'gcp', 'deep learning', 'azure', 'tensorflow', 'tableau']",86771,114171.0,"['pandas', 'numpy', 'pytorch', 'aws', 'r', 'python', 'scikit-learn', 'sql', 'machine learning', 'gcp', 'deep learning', 'azure', 'tensorflow', 'tableau']",100471.0,86771 - 114171,,600.0
data scientist,senior,hybrid,company_706,"Los Angeles, CA",a month ago,"Los Angeles, CA, US",Technology,Private,150.0,,121476 - 225595,[],121476,225595.0,[],173535.5,121476 - 225595,,150.0
data scientist,senior,,company_738,"Chicago, IL",14 days ago,"San Francisco, CA, US",Finance,Private,700.0,,189520 - 205503,"['amazon', 'spark', 'git', 'r', 'python', 'linux', 'java', 'sql', 'machine learning', 'database', 'azure']",189520,205503.0,"['amazon', 'spark', 'git', 'r', 'python', 'linux', 'java', 'sql', 'machine learning', 'database', 'azure']",197511.5,189520 - 205503,,700.0
data scientist,senior,remote,company_825,Remote - US,14 days ago,"San Diego, CA, US",Technology,Private,210.0,,144750 - 229724,[],144750,229724.0,[],187237.0,144750 - 229724,,210.0
data scientist,senior,remote,company_832,"Torrance, CA",7 days ago,"Renton, WA, US",Healthcare,,120010.0,,159835,"['r', 'python', 'scala', 'sql', 'machine learning', 'database', 'azure', 'tableau']",159835,159835.0,"['r', 'python', 'scala', 'sql', 'machine learning', 'database', 'azure', 'tableau']",159835.0,159835,,120010.0
data scientist,lead,,company_047,"Visakhapatnam Rural mandal, India",7 days ago,"Bengaluru, KA, IN",Technology,Public,222040.0,24460000000.0,10053,"['deep learning', 'machine learning']",10053,10053.0,"['deep learning', 'machine learning']",10053.0,10053,24460000000.0,222040.0
data scientist,senior,hybrid,company_833,Canada,a month ago,"Vancouver, BC, CA",Technology,Private,98.0,,118741 - 155273,[],118741,155273.0,[],137007.0,118741 - 155273,,98.0
machine learning engineer,senior,on-site,company_065,"Toronto, Ontario, Canada",a month ago,"Cherry Hill, NJ, US",Technology,Private,26030.0,,137008 - 173541,"['pytorch', 'spark', 'aws', 'database', 'sql', 'machine learning', 'deep learning', 'azure', 'tensorflow']",137008,173541.0,"['pytorch', 'spark', 'aws', 'database', 'sql', 'machine learning', 'deep learning', 'azure', 'tensorflow']",155274.5,137008 - 173541,,26030.0
machine learning engineer,senior,hybrid,company_836,"Dublin, Ireland",6 days ago,"San Francisco, CA, US",Technology,Private,630.0,1270000000.0,98012,[],98012,98012.0,[],98012.0,98012,1270000000.0,630.0
data scientist,senior,on-site,company_316,"Bengaluru, Karnataka, India",14 days ago,"Eden Prairie, MN, US",Healthcare,Public,37960.0,,29797 - 32901,"['spark', 'aws', 'python', 'sql', 'machine learning', 'deep learning', 'azure']",29797,32901.0,"['spark', 'aws', 'python', 'sql', 'machine learning', 'deep learning', 'azure']",31349.0,29797 - 32901,,37960.0
data scientist,senior,hybrid,company_662,"Redwood City, CA Hybrid",6 days ago,"Redwood City, CA, US",Technology,Private,600.0,,220119,[],220119,220119.0,[],220119.0,220119,,600.0
data scientist,senior,,company_837,"Waltham, MA",7 days ago,"London, GB",Energy,Public,12270.0,36930000000.0,126957 - 149790,"['git', 'r', 'python', 'sql', 'azure']",126957,149790.0,"['git', 'r', 'python', 'sql', 'azure']",138373.5,126957 - 149790,36930000000.0,12270.0
machine learning engineer,senior,hybrid,company_690,"Pittsburgh, PA",7 days ago,"Maplewood, MN, US",Healthcare,Public,22060.0,,108761 - 132929,"['pytorch', 'aws', 'python', 'machine learning', 'deep learning']",108761,132929.0,"['pytorch', 'aws', 'python', 'machine learning', 'deep learning']",120845.0,108761 - 132929,,22060.0
data scientist,lead,on-site,company_184,"New York, NY",5 days ago,"New York, NY, US",Retail,Public,130040.0,5230000000.0,137000,"['sql', 'machine learning', 'r', 'python']",137000,137000.0,"['sql', 'machine learning', 'r', 'python']",137000.0,137000,5230000000.0,130040.0
data scientist,senior,on-site,company_015,"Los Angeles County, CA",7 days ago,"Menlo Park, CA, US",Technology,Public,900.0,,121475 - 132435,"['pandas', 'numpy', 'pytorch', 'aws', 'scikit-learn', 'python', 'scipy', 'sql', 'machine learning', 'gcp', 'azure', 'tensorflow']",121475,132435.0,"['pandas', 'numpy', 'pytorch', 'aws', 'scikit-learn', 'python', 'scipy', 'sql', 'machine learning', 'gcp', 'azure', 'tensorflow']",126955.0,121475 - 132435,,900.0
data scientist,senior,on-site,company_134,"Arlington, VA",a day ago,"Seattle, WA, US",Retail,Public,865436.0,832810000000.0,155268 - 177188,"['amazon', 'aws', 'r', 'python', 'sql', 'machine learning', 'tableau']",155268,177188.0,"['amazon', 'aws', 'r', 'python', 'sql', 'machine learning', 'tableau']",166228.0,155268 - 177188,832810000000.0,865436.0
data scientist,senior,on-site,company_763,"Princeton, NJ",19 days ago,"New York, NY, US",Technology,Public,26630.0,,118737 - 168970,"['pytorch', 'python', 'machine learning', 'keras', 'deep learning', 'tensorflow']",118737,168970.0,"['pytorch', 'python', 'machine learning', 'keras', 'deep learning', 'tensorflow']",143853.5,118737 - 168970,,26630.0
data scientist,midlevel,on-site,company_269,"Chennai, Tamil Nadu, India",a month ago,"Charlotte, NC, US",Finance,Public,274280.0,276820000000.0,20926,"['hadoop', 'git', 'gcp', 'python']",20926,20926.0,"['hadoop', 'git', 'gcp', 'python']",20926.0,20926,276820000000.0,274280.0
data scientist,senior,remote,company_832,"Washington, United States",7 days ago,"Renton, WA, US",Healthcare,,120040.0,,159834,"['r', 'python', 'scala', 'sql', 'machine learning', 'database', 'azure', 'tableau']",159834,159834.0,"['r', 'python', 'scala', 'sql', 'machine learning', 'database', 'azure', 'tableau']",159834.0,159834,,120040.0
data scientist,senior,remote,company_141,"Fort Worth, TX",14 days ago,"Bethesda, MD, US",Technology,Public,108650.0,117130000000.0,100474 - 132440,['machine learning'],100474,132440.0,['machine learning'],116457.0,100474 - 132440,117130000000.0,108650.0
data scientist,senior,,company_250,"New York, NY",4 days ago,"Paris, FR",Healthcare,Private,76010.0,,66119 - 99994,"['amazon', 'aws']",66119,99994.0,"['amazon', 'aws']",83056.5,66119 - 99994,,76010.0
data scientist,senior,hybrid,company_840,"East Coast, United States",a month ago,"Altrincham, GB",Healthcare,Private,240.0,,124220 - 168060,[],124220,168060.0,[],146140.0,124220 - 168060,,240.0
data scientist,senior,,company_844,"Mountain View, CA",21 days ago,"Mountain View, CA, US",Technology,Public,17040.0,94590000000.0,168973,"['r', 'python', 'sql', 'machine learning', 'tableau']",168973,168973.0,"['r', 'python', 'sql', 'machine learning', 'tableau']",168973.0,168973,94590000000.0,17040.0
data scientist,,remote,company_845,Fully Remote,5 days ago,"San Francisco, CA, US",Finance,Private,457.0,,115085 - 152531,[],115085,152531.0,[],133808.0,115085 - 152531,,457.0
data scientist,lead,hybrid,company_846,"Greater Birmingham, Alabama Area",14 days ago,"Boulder, CO, US",Energy,Private,240.0,,118740 - 155273,[],118740,155273.0,[],137006.5,118740 - 155273,,240.0
data scientist,senior,hybrid,company_313,"Markham, Ontario, Canada",a month ago,"London, GB",Finance,Public,29490.0,,73454,"['machine learning', 'python']",73454,73454.0,"['machine learning', 'python']",73454.0,73454,,29490.0
data scientist,midlevel,,company_233,"Springfield, VA",a month ago,"Reston, VA, US",Technology,Public,27420.0,,81926 - 148097,"['git', 'r', 'python', 'docker', 'linux', 'java', 'sql', 'database', 'deep learning']",81926,148097.0,"['git', 'r', 'python', 'docker', 'linux', 'java', 'sql', 'database', 'deep learning']",115011.5,81926 - 148097,,27420.0
data scientist,senior,remote,company_572,Fully Remote,19 days ago,"San Francisco, CA, US",Technology,Private,45.0,,155266 - 178099,[],155266,178099.0,[],166682.5,155266 - 178099,,45.0
data scientist,senior,on-site,company_355,"Bellevue, WA",14 days ago,"San Francisco, CA, US",Technology,Public,65810.0,130590000000.0,125226 - 216010,"['sql', 'r', 'python']",125226,216010.0,"['sql', 'r', 'python']",170618.0,125226 - 216010,130590000000.0,65810.0
data scientist,senior,hybrid,company_848,"Cambridge, MA",16 days ago,"Basel, BS, CH",Healthcare,Public,107710.0,161050000000.0,79461,['python'],79461,79461.0,['python'],79461.0,79461,161050000000.0,107710.0
data scientist,midlevel,on-site,company_231,"South San Francisco, CA",25 days ago,"Kenilworth, NJ, US",Healthcare,Public,78700.0,231130000000.0,157737 - 248339,"['machine learning', 'r', 'python']",157737,248339.0,"['machine learning', 'r', 'python']",203038.0,157737 - 248339,231130000000.0,78700.0
data scientist,senior,hybrid,company_182,"Navi Mumbai, Maharashtra, India",7 days ago,"Chicago, IL, US",Finance,Public,9900.0,,15539,"['python', 'neural network', 'sql', 'machine learning', 'deep learning']",15539,15539.0,"['python', 'neural network', 'sql', 'machine learning', 'deep learning']",15539.0,15539,,9900.0
data scientist,midlevel,on-site,company_288,"Washington, DC",5 days ago,"Reston, VA, US",Technology,Public,26060.0,62890000000.0,146141 - 182673,['python'],146141,182673.0,['python'],164407.0,146141 - 182673,62890000000.0,26060.0
data scientist,midlevel,hybrid,company_793,"Pittsburgh, PA",a month ago,"Pittsburgh, PA, US",Education,,12659.0,,44521 - 59359,"['database', 'sql', 'r', 'python']",44521,59359.0,"['database', 'sql', 'r', 'python']",51940.0,44521 - 59359,,12659.0
data scientist,senior,on-site,company_445,On-site,2 days ago,"Ventura, CA, US",Technology,Public,2300.0,,151799 - 278294,[],151799,278294.0,[],215046.5,151799 - 278294,,2300.0
data scientist,,hybrid,company_851,"Bangalore, Karnataka, India",10 months ago,"Edison, NJ, US",Technology,Private,3570.0,,34569,[],34569,34569.0,[],34569.0,34569,,3570.0
data scientist,senior,,company_166,"Veldhoven, North Brabant, Netherlands",14 days ago,"Veldhoven, NB, NL",Technology,Public,24800.0,173510000000.0,82367,[],82367,82367.0,[],82367.0,82367,173510000000.0,24800.0
data scientist,senior,,company_852,"San Antonio, TX",14 days ago,"San Antonio, TX, US",Retail,Private,23910.0,,130610,"['spark', 'r', 'python', 'docker', 'scala', 'java', 'sql', 'machine learning', 'kubernetes', 'deep learning', 'tensorflow']",130610,130610.0,"['spark', 'r', 'python', 'docker', 'scala', 'java', 'sql', 'machine learning', 'kubernetes', 'deep learning', 'tensorflow']",130610.0,130610,,23910.0
data scientist,lead,on-site,company_420,"Bangkok, Bangkok, Thailand",a month ago,"Singapore, SG",Technology,Private,4570.0,,54267,[],54267,54267.0,[],54267.0,54267,,4570.0
data scientist,senior,,company_308,"Hyderabad, Telangana, India",4 days ago,"Redmond, WA, US",Technology,Public,182288.0,1680000000000.0,48604,"['pytorch', 'spark', 'r', 'python', 'scikit-learn', 'scala', 'machine learning', 'deep learning', 'hadoop', 'azure', 'tensorflow']",48604,48604.0,"['pytorch', 'spark', 'r', 'python', 'scikit-learn', 'scala', 'machine learning', 'deep learning', 'hadoop', 'azure', 'tensorflow']",48604.0,48604,1680000000000.0,182288.0
data scientist,senior,remote,company_037,"Remote, United States",14 days ago,"San Francisco, CA, US",Finance,Private,300.0,,167139,[],167139,167139.0,[],167139.0,167139,,300.0
data scientist,lead,hybrid,company_851,"Bangalore, Karnataka, India",a month ago,"Edison, NJ, US",Technology,Private,3560.0,,34568,[],34568,34568.0,[],34568.0,34568,,3560.0
data scientist,senior,,company_694,"San Francisco, CA",2 months ago,"San Francisco, CA, US",Finance,Private,90.0,,200936 - 264868,"['amazon', 'machine learning']",200936,264868.0,"['amazon', 'machine learning']",232902.0,200936 - 264868,,90.0
data scientist,lead,remote,company_859,"Cardiff, London or Remote UK",3 months ago,"London, GB",Technology,Private,1530.0,4360000000.0,86767 - 105033,[],86767,105033.0,[],95900.0,86767 - 105033,4360000000.0,1530.0
data scientist,senior,,company_116,"Louisville, KY",14 days ago,"Dearborn, MI, US",Technology,Public,187570.0,51830000000.0,107773,"['pandas', 'numpy', 'pytorch', 'git', 'r', 'python', 'scikit-learn', 'sql', 'gcp', 'machine learning', 'tensorflow', 'tableau']",107773,107773.0,"['pandas', 'numpy', 'pytorch', 'git', 'r', 'python', 'scikit-learn', 'sql', 'gcp', 'machine learning', 'tensorflow', 'tableau']",107773.0,107773,51830000000.0,187570.0
data scientist,senior,,company_861,"Oklahoma City, OK",7 days ago,"Oklahoma City, OK, US",Technology,Public,4780.0,,114172,['machine learning'],114172,114172.0,['machine learning'],114172.0,114172,,4780.0
data scientist,senior,on-site,company_864,"St Louis, MO",a month ago,"Brentwood, MO, US",Retail,Public,11020.0,,101079 - 157680,"['pandas', 'amazon', 'powerbi', 'git', 'r', 'python', 'scipy', 'sql', 'machine learning', 'database', 'azure', 'matplotlib', 'tableau']",101079,157680.0,"['pandas', 'amazon', 'powerbi', 'git', 'r', 'python', 'scipy', 'sql', 'machine learning', 'database', 'azure', 'matplotlib', 'tableau']",129379.5,101079 - 157680,,11020.0
data scientist,senior,on-site,company_705,"San Francisco, CA",4 months ago,"San Francisco, CA, US",Technology,Private,90.0,,155269 - 189976,[],155269,189976.0,[],172622.5,155269 - 189976,,90.0
data scientist,senior,hybrid,company_667,"Mountain View, CA, US",9 days ago,"Mountain View, CA, US",Technology,Private,2810.0,,226506,[],226506,226506.0,[],226506.0,226506,,2810.0
data scientist,senior,hybrid,company_083,"Madrid, Community of Madrid, Spain",21 days ago,"Paris, IDF, FR",Technology,Private,263610.0,25510000000.0,32158,"['pandas', 'numpy', 'aws', 'r', 'python', 'scikit-learn', 'machine learning', 'gcp', 'deep learning', 'azure', 'matplotlib']",32158,32158.0,"['pandas', 'numpy', 'aws', 'r', 'python', 'scikit-learn', 'machine learning', 'gcp', 'deep learning', 'azure', 'matplotlib']",32158.0,32158,25510000000.0,263610.0
data scientist,senior,hybrid,company_870,"Chicago, Illinois, United States",13 days ago,"Chicago, IL, US",Technology,Private,420.0,,159841 - 205507,[],159841,205507.0,[],182674.0,159841 - 205507,,420.0
data scientist,lead,on-site,company_235,"San Antonio, TX",7 days ago,"San Antonio, TX, US",Finance,Private,33010.0,,150499 - 287662,"['r', 'python', 'sql', 'database', 'machine learning']",150499,287662.0,"['r', 'python', 'sql', 'database', 'machine learning']",219080.5,150499 - 287662,,33010.0
data scientist,lead,on-site,company_871,"San Francisco, CA",7 days ago,"San Francisco, CA, US",Technology,Private,45.0,,164407 - 191806,"['pytorch', 'aws', 'machine learning', 'azure', 'deep learning', 'tensorflow']",164407,191806.0,"['pytorch', 'aws', 'machine learning', 'azure', 'deep learning', 'tensorflow']",178106.5,164407 - 191806,,45.0
data scientist,senior,on-site,company_185,"Linthicum Heights, MD",7 days ago,"Falls Church, VA, US",Technology,Public,97070.0,75050000000.0,158745 - 197653,"['pandas', 'numpy', 'python', 'sql', 'database', 'matplotlib', 'tableau']",158745,197653.0,"['pandas', 'numpy', 'python', 'sql', 'database', 'matplotlib', 'tableau']",178199.0,158745 - 197653,75050000000.0,97070.0
data scientist,junior,,company_152,"Atlanta, GA",11 days ago,"Atlanta, GA, US",Finance,Public,53700.0,19700000000.0,125135,"['sql', 'machine learning', 'r', 'python']",125135,125135.0,"['sql', 'machine learning', 'r', 'python']",125135.0,125135,19700000000.0,53700.0
data scientist,senior,on-site,company_873,"Santa Clara, CA",15 days ago,"Santa Clara, CA, US",Technology,Private,75.0,,146140 - 219206,[],146140,219206.0,[],182673.0,146140 - 219206,,75.0
data scientist,midlevel,,company_781,"Stamford, CT",21 days ago,"Stamford, CT, US",Technology,Public,96040.0,,95906,"['spark', 'r', 'python', 'sql', 'machine learning']",95906,95906.0,"['spark', 'r', 'python', 'sql', 'machine learning']",95906.0,95906,,96040.0
data scientist,senior,on-site,company_422,"Englewood, CO",14 days ago,"Englewood, CO, US",Technology,Public,2520.0,,75957 - 108508,"['amazon', 'r', 'python', 'sql', 'database', 'machine learning', 'tableau']",75957,108508.0,"['amazon', 'r', 'python', 'sql', 'database', 'machine learning', 'tableau']",92232.5,75957 - 108508,,2520.0
data scientist,midlevel,,company_875,"Princeton, NJ",15 days ago,"Princeton, NJ, US",Healthcare,Public,3570.0,,150270 - 224665,"['sql', 'r', 'python']",150270,224665.0,"['sql', 'r', 'python']",187467.5,150270 - 224665,,3570.0
data scientist,midlevel,on-site,company_878,"San Francisco, CA",2 days ago,"San Jose, CA, US",Technology,Public,21310.0,144620000000.0,99560 - 175732,"['spark', 'python', 'sql', 'hadoop', 'machine learning']",99560,175732.0,"['spark', 'python', 'sql', 'hadoop', 'machine learning']",137646.0,99560 - 175732,144620000000.0,21310.0
data scientist,senior,,company_879,"Madrid, Community of Madrid, Spain",23 days ago,"Birmingham, AL, US",Finance,Public,123020.0,,41559,"['pandas', 'numpy', 'pytorch', 'aws', 'scikit-learn', 'python', 'docker', 'sql', 'machine learning', 'kubernetes', 'azure', 'tensorflow']",41559,41559.0,"['pandas', 'numpy', 'pytorch', 'aws', 'scikit-learn', 'python', 'docker', 'sql', 'machine learning', 'kubernetes', 'azure', 'tensorflow']",41559.0,41559,,123020.0
data scientist,senior,on-site,company_880,United States,a month ago,"San Diego, CA, US",Retail,Public,27030.0,,94812 - 142214,"['aws', 'scikit-learn', 'python', 'sql', 'machine learning', 'gcp', 'azure']",94812,142214.0,"['aws', 'scikit-learn', 'python', 'sql', 'machine learning', 'gcp', 'azure']",118513.0,94812 - 142214,,27030.0
data scientist,,hybrid,company_403,"Boston, MA",8 days ago,"Boston, MA, US",Retail,Public,17040.0,,110516 - 120563,[],110516,120563.0,[],115539.5,110516 - 120563,,17040.0
data scientist,senior,,company_603,"Queenstown, Central Singapore Community Development Council, Singapore",a month ago,"Singapore, SG",Education,,210.0,,54804,"['neural network', 'machine learning', 'r', 'python']",54804,54804.0,"['neural network', 'machine learning', 'r', 'python']",54804.0,54804,,210.0
machine learning engineer,senior,on-site,company_883,"Newport Beach, CA",18 days ago,"Walldorf, BW, DE",Technology,Public,117800.0,104160000000.0,114167 - 127867,"['pytorch', 'machine learning', 'database', 'deep learning', 'tensorflow']",114167,127867.0,"['pytorch', 'machine learning', 'database', 'deep learning', 'tensorflow']",121017.0,114167 - 127867,104160000000.0,117800.0
data scientist,lead,remote,company_236,Canada,2 days ago,"Miami, FL, US",Technology,Private,30.0,,200938 - 246604,"['sql', 'machine learning']",200938,246604.0,"['sql', 'machine learning']",223771.0,200938 - 246604,,30.0
data scientist,senior,hybrid,company_032,"San Diego, CA",3 months ago,"Minato City, JP",Technology,Public,110020.0,84890000000.0,149700 - 224593,"['pandas', 'numpy', 'scikit-learn', 'python', 'sql', 'machine learning', 'deep learning']",149700,224593.0,"['pandas', 'numpy', 'scikit-learn', 'python', 'sql', 'machine learning', 'deep learning']",187146.5,149700 - 224593,84890000000.0,110020.0
data scientist,midlevel,hybrid,company_061,"Manchester, England, United Kingdom",7 days ago,"Manchester, GB",Technology,Public,1310.0,,36538 - 54805,"['airflow', 'spark', 'machine learning', 'python']",36538,54805.0,"['airflow', 'spark', 'machine learning', 'python']",45671.5,36538 - 54805,,1310.0
data scientist,senior,,company_366,"Columbia, MD",4 days ago,"Columbia, MD, US",Technology,Private,180.0,,73072,"['spark', 'aws', 'python', 'sql', 'machine learning', 'gcp', 'azure']",73072,73072.0,"['spark', 'aws', 'python', 'sql', 'machine learning', 'gcp', 'azure']",73072.0,73072,,180.0
data scientist,senior,,company_291,"Bengaluru East, Karnataka, India",4 days ago,"Bengaluru, KA, IN",Technology,Public,261040.0,71080000000.0,9585,"['aws', 'r', 'python', 'sql', 'neural network', 'gcp', 'azure']",9585,9585.0,"['aws', 'r', 'python', 'sql', 'neural network', 'gcp', 'azure']",9585.0,9585,71080000000.0,261040.0
data scientist,senior,hybrid,company_309,"New York, United States",5 days ago,"New York, NY, US",Technology,Private,3510.0,,137008 - 150708,"['pandas', 'pytorch', 'aws', 'r', 'python', 'sql', 'machine learning', 'deep learning']",137008,150708.0,"['pandas', 'pytorch', 'aws', 'r', 'python', 'sql', 'machine learning', 'deep learning']",143858.0,137008 - 150708,,3510.0
data scientist,senior,hybrid,company_885,"Bethesda, MD",14 days ago,"Reston, VA, US",Technology,,1060.0,,130245 - 203539,"['sql', 'r', 'python']",130245,203539.0,"['sql', 'r', 'python']",166892.0,130245 - 203539,,1060.0
machine learning engineer,senior,,company_889,"Brooklyn, NY",3 months ago,"NY, US",Energy,Public,6160.0,,187238 - 216464,"['spark', 'python', 'scala', 'java', 'airflow', 'gcp', 'machine learning', 'tensorflow']",187238,216464.0,"['spark', 'python', 'scala', 'java', 'airflow', 'gcp', 'machine learning', 'tensorflow']",201851.0,187238 - 216464,,6160.0
machine learning engineer,,on-site,company_312,"San Francisco, CA",6 days ago,"Montreal, QC, CA",Technology,Private,31.0,,200936 - 296835,[],200936,296835.0,[],248885.5,200936 - 296835,,31.0
data scientist,senior,on-site,company_744,"Hillsboro, OR",14 days ago,"Roseburg, OR, US",Finance,Public,3790.0,,81245 - 150875,"['aws', 'r', 'python', 'sql', 'machine learning', 'azure']",81245,150875.0,"['aws', 'r', 'python', 'sql', 'machine learning', 'azure']",116060.0,81245 - 150875,,3790.0
data scientist,senior,,company_894,"Fort Worth, TX",7 days ago,"Benbrook, TX, US",Technology,Private,510.0,,100473,['machine learning'],100473,100473.0,['machine learning'],100473.0,100473,,510.0
data scientist,senior,,company_895,"Annapolis Junction, MD",3 months ago,"Centreville, VA, US",Technology,Public,16070.0,,110337 - 198564,"['sql', 'machine learning', 'r', 'python']",110337,198564.0,"['sql', 'machine learning', 'r', 'python']",154450.5,110337 - 198564,,16070.0
data scientist,senior,,company_896,"Dallas, TX",14 days ago,"Dallas, TX, US",Finance,Public,100050.0,,75815,"['sql', 'machine learning', 'python']",75815,75815.0,"['sql', 'machine learning', 'python']",75815.0,75815,,100050.0
machine learning engineer,senior,,company_371,"South San Francisco, CA",7 days ago,"South San Francisco, CA, US",Healthcare,Private,250.0,,155270 - 212810,"['pytorch', 'deep learning', 'machine learning', 'python']",155270,212810.0,"['pytorch', 'deep learning', 'machine learning', 'python']",184040.0,155270 - 212810,,250.0
data scientist,senior,hybrid,company_115,"Bengaluru, Karnataka, India",7 days ago,"Frankfurt am Main, HE, DE",Finance,Public,68440.0,,24203,"['pytorch', 'aws', 'python', 'sql', 'gcp', 'azure', 'tensorflow']",24203,24203.0,"['pytorch', 'aws', 'python', 'sql', 'gcp', 'azure', 'tensorflow']",24203.0,24203,,68440.0
data scientist,senior,on-site,company_251,"Alpharetta, GA",14 days ago,"Roseland, NJ, US",Technology,Public,65130.0,,58368 - 156350,"['aws', 'powerbi', 'r', 'python', 'sql', 'machine learning', 'tableau']",58368,156350.0,"['aws', 'powerbi', 'r', 'python', 'sql', 'machine learning', 'tableau']",107359.0,58368 - 156350,,65130.0
data scientist,,on-site,company_096,"New York, New York, United States",a month ago,"San Francisco, CA, US",Finance,Private,950.0,11380000000.0,138834 - 173541,[],138834,173541.0,[],156187.5,138834 - 173541,11380000000.0,950.0
data scientist,senior,hybrid,company_146,"Toronto, ON",12 days ago,"San Francisco, CA, US",Finance,Private,780.0,11850000000.0,179015 - 246144,[],179015,246144.0,[],212579.5,179015 - 246144,11850000000.0,780.0
data scientist,,hybrid,company_081,"Toronto, Canada",7 days ago,"San Francisco, CA, US",Technology,Public,5010.0,4420000000.0,98647,[],98647,98647.0,[],98647.0,98647,4420000000.0,5010.0
data scientist,senior,,company_293,"Bengaluru, Karnataka, India",5 months ago,"Bengaluru, KA, IN",Technology,Private,15470.0,9870000000.0,36101,"['deep learning', 'machine learning', 'python']",36101,36101.0,"['deep learning', 'machine learning', 'python']",36101.0,36101,9870000000.0,15470.0
data scientist,senior,on-site,company_007,"Vancouver, British Columbia, Canada",7 days ago,"Redwood City, CA, US",Technology,Public,25920.0,33700000000.000004,121844 - 176460,"['git', 'python', 'docker', 'sql', 'machine learning', 'kubernetes', 'deep learning']",121844,176460.0,"['git', 'python', 'docker', 'sql', 'machine learning', 'kubernetes', 'deep learning']",149152.0,121844 - 176460,33700000000.000004,25920.0
machine learning engineer,senior,on-site,company_135,"Taipei, Taiwan",2 months ago,TW,Technology,Private,530.0,,36342,[],36342,36342.0,[],36342.0,36342,,530.0
data scientist,lead,hybrid,company_905,United States,3 months ago,"Buffalo, NY, US",Finance,Public,16880.0,,105680 - 176131,"['python', 'neural network', 'sql', 'database', 'machine learning', 'tableau']",105680,176131.0,"['python', 'neural network', 'sql', 'database', 'machine learning', 'tableau']",140905.5,105680 - 176131,,16880.0
data scientist,senior,on-site,company_392,United States,a month ago,"Jacksonville, FL, US",Finance,Public,62070.0,35420000000.0,157013 - 263790,"['spark', 'aws', 'python', 'sql', 'machine learning', 'gcp', 'azure']",157013,263790.0,"['spark', 'aws', 'python', 'sql', 'machine learning', 'gcp', 'azure']",210401.5,157013 - 263790,35420000000.0,62070.0
data scientist,senior,,company_047,"Gurugram, Haryana, India",7 days ago,"Bengaluru, KA, IN",Technology,Public,222030.0,24160000000.0,10048,"['aws', 'machine learning']",10048,10048.0,"['aws', 'machine learning']",10048.0,10048,24160000000.0,222030.0
data scientist,lead,on-site,company_909,"New York, NY",a month ago,"Milwaukee, WI, US",Finance,Private,32340.0,,129722 - 230343,"['spark', 'r', 'python', 'java', 'sql', 'machine learning']",129722,230343.0,"['spark', 'r', 'python', 'java', 'sql', 'machine learning']",180032.5,129722 - 230343,,32340.0
data scientist,lead,remote,company_022,"Atlanta, GA",3 days ago,"Charlotte, NC, US",Technology,Public,103070.0,128229999999.99998,96818,"['pytorch', 'spark', 'aws', 'python', 'machine learning', 'gcp', 'deep learning', 'keras', 'azure', 'tensorflow']",96818,96818.0,"['pytorch', 'spark', 'aws', 'python', 'machine learning', 'gcp', 'deep learning', 'keras', 'azure', 'tensorflow']",96818.0,96818,128229999999.99998,103070.0
data scientist,senior,,company_912,"Bengaluru East, Karnataka, India",7 days ago,"Scottsdale, AZ, US",Technology,Private,3980.0,,35019,"['pandas', 'numpy', 'pytorch', 'spark', 'git', 'python', 'docker', 'database', 'deep learning', 'sql', 'machine learning', 'gcp', 'kubernetes', 'keras', 'azure', 'matplotlib', 'tensorflow']",35019,35019.0,"['pandas', 'numpy', 'pytorch', 'spark', 'git', 'python', 'docker', 'database', 'deep learning', 'sql', 'machine learning', 'gcp', 'kubernetes', 'keras', 'azure', 'matplotlib', 'tensorflow']",35019.0,35019,,3980.0
data scientist,senior,on-site,company_367,On-site,a month ago,"New York, NY, US",Technology,Private,420.0,,192721 - 216467,[],192721,216467.0,[],204594.0,192721 - 216467,,420.0
data scientist,midlevel,on-site,company_395,"McLean, VA",18 days ago,"McLean, VA, US",Retail,Public,55090.0,36380000000.0,144860 - 165319,"['spark', 'aws', 'r', 'python', 'scala', 'sql', 'machine learning', 'database', 'deep learning']",144860,165319.0,"['spark', 'aws', 'r', 'python', 'scala', 'sql', 'machine learning', 'database', 'deep learning']",155089.5,144860 - 165319,36380000000.0,55090.0
data scientist,midlevel,on-site,company_914,Los Angeles Metropolitan Area,14 days ago,"Los Angeles, CA, US",Technology,Public,510.0,,100470 - 114170,"['machine learning', 'python']",100470,114170.0,"['machine learning', 'python']",107320.0,100470 - 114170,,510.0
data scientist,senior,remote,company_695,"Maryland, United States",14 days ago,"London, GB",Technology,Public,9200.0,,85856 - 167004,"['pytorch', 'aws', 'r', 'python', 'machine learning', 'gcp', 'azure', 'tensorflow']",85856,167004.0,"['pytorch', 'aws', 'r', 'python', 'machine learning', 'gcp', 'azure', 'tensorflow']",126430.0,85856 - 167004,,9200.0
data scientist,lead,on-site,company_916,United States,a month ago,"Columbus, OH, US",Technology,Public,1300.0,,138102 - 172625,"['sql', 'machine learning', 'r', 'python']",138102,172625.0,"['sql', 'machine learning', 'r', 'python']",155363.5,138102 - 172625,,1300.0
data scientist,senior,,company_917,"Bengaluru, Karnataka, India",10 days ago,"Mountain View, CA, US",Technology,Public,258790.0,1340000000000.0,42493,"['pandas', 'r', 'python', 'sql', 'database']",42493,42493.0,"['pandas', 'r', 'python', 'sql', 'database']",42493.0,42493,1340000000000.0,258790.0
data scientist,senior,,company_171,"Hyderabad, Telangana, India",15 days ago,"Armonk, NY, US",Technology,Public,524608.0,119230000000.0,27276 - 52697,"['database', 'machine learning', 'java']",27276,52697.0,"['database', 'machine learning', 'java']",39986.5,27276 - 52697,119230000000.0,524608.0
data scientist,senior,on-site,company_310,"Doral, FL",3 months ago,"Arlington, VA, US",Technology,Public,20050.0,,104676 - 230258,"['r', 'python', 'linux', 'java', 'sql', 'machine learning', 'database', 'deep learning']",104676,230258.0,"['r', 'python', 'linux', 'java', 'sql', 'machine learning', 'database', 'deep learning']",167467.0,104676 - 230258,,20050.0
data scientist,midlevel,hybrid,company_080,"Vancouver, British Columbia, Canada",5 days ago,"Toronto, ON, CA",Finance,Public,26050.0,,109786 - 164585,"['pytorch', 'aws', 'scikit-learn', 'python', 'machine learning']",109786,164585.0,"['pytorch', 'aws', 'scikit-learn', 'python', 'machine learning']",137185.5,109786 - 164585,,26050.0
data scientist,senior,remote,company_746,United States,14 days ago,"Omaha, NE, US",Technology,Private,90.0,,114973 - 141567,"['sql', 'machine learning', 'python']",114973,141567.0,"['sql', 'machine learning', 'python']",128270.0,114973 - 141567,,90.0
data scientist,senior,hybrid,company_922,"Columbus, OH",10 days ago,"Hartford, CT, US",Finance,Public,18200.0,21550000000.0,100036 - 150050,['machine learning'],100036,150050.0,['machine learning'],125043.0,100036 - 150050,21550000000.0,18200.0
data scientist,senior,remote,company_416,Washington DC-Baltimore Area,a month ago,"Mountain View, CA, US",Technology,Private,360.0,1800000000.0,164407 - 182673,"['aws', 'python', 'machine learning', 'gcp', 'kubernetes', 'azure']",164407,182673.0,"['aws', 'python', 'machine learning', 'gcp', 'kubernetes', 'azure']",173540.0,164407 - 182673,1800000000.0,360.0
data scientist,senior,on-site,company_415,"United States, Denver",22 days ago,"New York, NY, US",Technology,Private,900.0,4500000000.0,172624,[],172624,172624.0,[],172624.0,172624,4500000000.0,900.0
data scientist,senior,on-site,company_893,"Lexington, MA",8 days ago,"Heerlen, LI, NL",Technology,,,,117553 - 159840,"['aws', 'git', 'r', 'python', 'docker']",117553,159840.0,"['aws', 'git', 'r', 'python', 'docker']",138696.5,117553 - 159840,,
data scientist,,on-site,company_096,"New York, New York, United States",a month ago,"San Francisco, CA, US",Finance,Private,950.0,11330000000.0,138826 - 173533,[],138826,173533.0,[],156179.5,138826 - 173533,11330000000.0,950.0
data scientist,midlevel,remote,company_421,"Charlotte, AR",14 days ago,"Cheyenne, WY, US",Technology,,,,25211,"['sql', 'machine learning', 'python']",25211,25211.0,"['sql', 'machine learning', 'python']",25211.0,25211,,
data scientist,,hybrid,company_081,"Toronto, Canada",7 days ago,"San Francisco, CA, US",Technology,Public,5010.0,4420000000.0,98642 - 123302,[],98642,123302.0,[],110972.0,98642 - 123302,4420000000.0,5010.0
data scientist,senior,,company_924,"Gainesville, FL",3 months ago,"Gainesville, FL, US",Education,,19503.0,,55715 - 58455,"['pandas', 'numpy', 'pytorch', 'r', 'python', 'scikit-learn', 'scipy', 'machine learning', 'keras', 'deep learning', 'tensorflow']",55715,58455.0,"['pandas', 'numpy', 'pytorch', 'r', 'python', 'scikit-learn', 'scipy', 'machine learning', 'keras', 'deep learning', 'tensorflow']",57085.0,55715 - 58455,,19503.0
data scientist,senior,hybrid,company_925,San Francisco Bay Area,a month ago,"Dublin 2, IE",Technology,Private,150.0,,164401 - 214633,"['pandas', 'spark', 'aws', 'r', 'python', 'scikit-learn', 'opencv', 'sql', 'machine learning', 'gcp', 'deep learning']",164401,214633.0,"['pandas', 'spark', 'aws', 'r', 'python', 'scikit-learn', 'opencv', 'sql', 'machine learning', 'gcp', 'deep learning']",189517.0,164401 - 214633,,150.0
data scientist,senior,,company_928,"Barcelona, Catalonia, Spain",12 days ago,"Barcelona, CT, ES",Technology,Private,4770.0,,53099,"['deep learning', 'aws', 'machine learning', 'python']",53099,53099.0,"['deep learning', 'aws', 'machine learning', 'python']",53099.0,53099,,4770.0
data scientist,senior,on-site,company_930,"San Diego, CA",21 days ago,"San Diego, CA, US",Healthcare,Private,1530.0,,167749 - 215676,"['pytorch', 'python', 'java', 'sql', 'machine learning', 'deep learning', 'tensorflow']",167749,215676.0,"['pytorch', 'python', 'java', 'sql', 'machine learning', 'deep learning', 'tensorflow']",191712.5,167749 - 215676,,1530.0
data scientist,senior,on-site,company_932,"Palo Alto, CA",25 days ago,"Palo Alto, CA, US",Technology,Public,51070.0,,140657 - 216600,"['sql', 'powerbi', 'machine learning', 'python']",140657,216600.0,"['sql', 'powerbi', 'machine learning', 'python']",178628.5,140657 - 216600,,51070.0
data scientist,senior,,company_937,"Atlanta, GA",6 months ago,"Atlanta, GA, US",Retail,Public,500010.0,,111435,"['sql', 'tableau', 'python']",111435,111435.0,"['sql', 'tableau', 'python']",111435.0,111435,,500010.0
data scientist,senior,hybrid,company_008,"San Jose, CA",3 months ago,"San Jose, CA, US",Technology,Public,34660.0,81760000000.0,139285 - 239614,"['sql', 'machine learning', 'python']",139285,239614.0,"['sql', 'machine learning', 'python']",189449.5,139285 - 239614,81760000000.0,34660.0
machine learning engineer,senior,remote,company_690,"Maplewood, MN",a day ago,"Maplewood, MN, US",Healthcare,Public,22020.0,,125529 - 153424,"['machine learning', 'python']",125529,153424.0,"['machine learning', 'python']",139476.5,125529 - 153424,,22020.0
data scientist,senior,remote,company_169,Fully Remote,4 days ago,"San Francisco, CA, US",Technology,Public,4110.0,7790000000.0,184866 - 207973,[],184866,207973.0,[],196419.5,184866 - 207973,7790000000.0,4110.0
machine learning engineer,junior,,company_941,"Bengaluru, Karnataka, India",14 days ago,"Dublin, IE",Technology,Public,492245.0,153300000000.0,10527 - 26188,['machine learning'],10527,26188.0,['machine learning'],18357.5,10527 - 26188,153300000000.0,492245.0
data scientist,senior,remote,company_611,"Denver, CO - Remote",22 days ago,"Denver, CO, US",Technology,Public,2540.0,,137006 - 200939,[],137006,200939.0,[],168972.5,137006 - 200939,,2540.0
data scientist,senior,hybrid,company_214,"Washington, DC",a month ago,"Montréal, QC, CA",Technology,Public,57290.0,17250000000.0,105769,"['r', 'python', 'sql', 'machine learning', 'matplotlib', 'tableau']",105769,105769.0,"['r', 'python', 'sql', 'machine learning', 'matplotlib', 'tableau']",105769.0,105769,17250000000.0,57290.0
,lead,hybrid,company_946,"New York, NY",5 days ago,"New York, NY, US",Technology,Private,52380.0,,200935 - 296834,"['aws', 'gcp', 'azure']",200935,296834.0,"['aws', 'gcp', 'azure']",248884.5,200935 - 296834,,52380.0
data scientist,lead,hybrid,company_728,"San Francisco, CA",a month ago,"Los Angeles, CA, US",Technology,Private,150.0,,258479,[],258479,258479.0,[],258479.0,258479,,150.0
data scientist,senior,,company_223,"London, England, United Kingdom",2 months ago,"New York, NY, US",Technology,Public,10060.0,,76371,"['powerbi', 'python', 'sql', 'machine learning', 'tableau']",76371,76371.0,"['powerbi', 'python', 'sql', 'machine learning', 'tableau']",76371.0,76371,,10060.0
data scientist,lead,hybrid,company_947,Hybrid,a month ago,"New York, NY, US",Technology,Private,2020.0,,109604 - 200937,[],109604,200937.0,[],155270.5,109604 - 200937,,2020.0
machine learning engineer,senior,on-site,company_156,"Mountain View, California HQ",16 days ago,"Mountain View, CA, US",Technology,Private,900.0,8050000000.000001,184816 - 276788,[],184816,276788.0,[],230802.0,184816 - 276788,8050000000.000001,900.0
data scientist,senior,on-site,company_273,"London, England, United Kingdom",6 months ago,"Menlo Park, CA, US",Technology,Public,94530.0,230270000000.0,103877 - 144998,"['sql', 'r', 'python']",103877,144998.0,"['sql', 'r', 'python']",124437.5,103877 - 144998,230270000000.0,94530.0
machine learning engineer,senior,remote,company_949,United States,21 days ago,"San Francisco, CA, US",Technology,Private,150.0,,155272 - 200939,"['pytorch', 'aws', 'r', 'python', 'machine learning', 'gcp', 'deep learning']",155272,200939.0,"['pytorch', 'aws', 'r', 'python', 'machine learning', 'gcp', 'deep learning']",178105.5,155272 - 200939,,150.0
data scientist,senior,remote,company_950,United States,14 days ago,"New York, NY, US",Technology,Private,30.0,,109601 - 173534,"['sql', 'tableau', 'python']",109601,173534.0,"['sql', 'tableau', 'python']",141567.5,109601 - 173534,,30.0
data scientist,lead,remote,company_951,"New York, NY",7 days ago,"New York, NY, US",Finance,Private,8010.0,,136032 - 223478,"['pytorch', 'python', 'machine learning', 'deep learning', 'tensorflow']",136032,223478.0,"['pytorch', 'python', 'machine learning', 'deep learning', 'tensorflow']",179755.0,136032 - 223478,,8010.0
data scientist,senior,,company_052,"Amsterdam, North Holland, Netherlands",a month ago,"San Francisco, CA, US",Technology,Public,26910.0,53250000000.0,72513,"['tableau', 'sql', 'r', 'python']",72513,72513.0,"['tableau', 'sql', 'r', 'python']",72513.0,72513,53250000000.0,26910.0
data scientist,,hybrid,company_952,Hybrid,6 days ago,"Culver City, CA, US",Education,Private,390.0,,109600 - 137000,[],109600,137000.0,[],123300.0,109600 - 137000,,390.0
data scientist,senior,hybrid,company_146,"New York City, NY",12 days ago,"San Francisco, CA, US",Finance,Private,780.0,11800000000.0,175364 - 241124,[],175364,241124.0,[],208244.0,175364 - 241124,11800000000.0,780.0
data scientist,midlevel,on-site,company_105,"Gurgaon, Haryana, India",15 days ago,"New York, NY, US",Technology,Private,30060.0,,24227,"['aws', 'python', 'docker', 'machine learning', 'gcp', 'kubernetes', 'azure']",24227,24227.0,"['aws', 'python', 'docker', 'machine learning', 'gcp', 'kubernetes', 'azure']",24227.0,24227,,30060.0
data scientist,senior,,company_954,"Palo Alto, CA",14 days ago,"CA, US",Technology,Private,15.0,,137004 - 228336,[],137004,228336.0,[],182670.0,137004 - 228336,,15.0
data scientist,,remote,company_675,"Remote, United States",6 days ago,"El Segundo, CA, US",Technology,Private,45.0,,118741 - 182674,[],118741,182674.0,[],150707.5,118741 - 182674,,45.0
data scientist,senior,,company_270,"Dallas, TX",7 days ago,"Woonsocket, RI, US",Healthcare,Public,300070.0,121370000000.0,76206 - 203204,"['git', 'python', 'docker', 'sql', 'machine learning', 'kubernetes', 'azure']",76206,203204.0,"['git', 'python', 'docker', 'sql', 'machine learning', 'kubernetes', 'azure']",139705.0,76206 - 203204,121370000000.0,300070.0
data scientist,senior,hybrid,company_115,"Bengaluru, Karnataka, India",a day ago,"Frankfurt am Main, HE, DE",Finance,Public,68430.0,,24205,"['pytorch', 'aws', 'python', 'sql', 'gcp', 'azure', 'tensorflow']",24205,24205.0,"['pytorch', 'aws', 'python', 'sql', 'gcp', 'azure', 'tensorflow']",24205.0,24205,,68430.0
data scientist,lead,,company_244,"Bengaluru, Karnataka, India",5 days ago,"New York, NY, US",Finance,Public,290770.0,350370000000.0,42738,"['sql', 'machine learning', 'tableau', 'python']",42738,42738.0,"['sql', 'machine learning', 'tableau', 'python']",42738.0,42738,350370000000.0,290770.0
data scientist,senior,,company_233,"San Diego, CA",4 days ago,"Reston, VA, US",Technology,Public,27440.0,,95583 - 172782,"['machine learning', 'python']",95583,172782.0,"['machine learning', 'python']",134182.5,95583 - 172782,,27440.0
data scientist,lead,on-site,company_962,"Stamford, CT",a month ago,"Stamford, CT, US",Technology,Public,3305.0,,138011 - 166416,['python'],138011,166416.0,['python'],152213.5,138011 - 166416,,3305.0
data scientist,senior,on-site,company_119,"Menlo Park, CA",a month ago,"West Menlo Park, CA, US",Finance,Public,3790.0,7940000000.0,184499 - 217378,[],184499,217378.0,[],200938.5,184499 - 217378,7940000000.0,3790.0
data scientist,senior,remote,company_038,"Stockholm, Stockholm County, Sweden",7 days ago,"Kista, SE",Technology,Public,131970.0,17110000000.0,52510,"['spark', 'scikit-learn', 'python', 'scala', 'java', 'machine learning', 'keras', 'deep learning', 'tensorflow']",52510,52510.0,"['spark', 'scikit-learn', 'python', 'scala', 'java', 'machine learning', 'keras', 'deep learning', 'tensorflow']",52510.0,52510,17110000000.0,131970.0
data scientist,senior,remote,company_964,"Herndon, VA",a day ago,"Westminster, CO, US",Technology,Public,2870.0,,123307 - 168973,"['pandas', 'numpy', 'aws', 'git', 'python', 'docker', 'linux', 'sklearn', 'machine learning', 'kubernetes', 'deep learning', 'azure', 'matplotlib']",123307,168973.0,"['pandas', 'numpy', 'aws', 'git', 'python', 'docker', 'linux', 'sklearn', 'machine learning', 'kubernetes', 'deep learning', 'azure', 'matplotlib']",146140.0,123307 - 168973,,2870.0
data scientist,senior,,company_610,"Chicago, IL",25 days ago,"Chicago, IL, US",Technology,Private,51230.0,,104727,"['java', 'machine learning', 'r', 'python']",104727,104727.0,"['java', 'machine learning', 'r', 'python']",104727.0,104727,,51230.0
data scientist,,remote,company_965,Fully Remote,13 days ago,"Bellevue, WA, US",Technology,Private,330.0,,87643,[],87643,87643.0,[],87643.0,87643,,330.0
data scientist,lead,hybrid,company_645,Hybrid,9 days ago,"Berkeley, CA, US",Technology,Private,180.0,,178100 - 205500,[],178100,205500.0,[],191800.0,178100 - 205500,,180.0
data scientist,senior,remote,company_966,"California, United States, Colorado, United States, Florida, United States, Georgia, United States, Illinois, United States, Massachusetts, United States, Nevada, United States, New Jersey, United States, New York, United States, North Carolina, United States, Oregon, United States, Pennsylvania, United States, South Carolina, United States, Texas, United States, Virginia, United States, Washington, United States",14 days ago,"San Francisco, CA, US",Finance,Private,240.0,,173535,[],173535,173535.0,[],173535.0,173535,,240.0
data scientist,senior,hybrid,company_967,Greater Bengaluru Area,15 days ago,"San Diego, CA, US",Technology,Private,950.0,,2739979,"['spark', 'aws', 'r', 'python', 'sql', 'machine learning', 'gcp', 'hadoop', 'azure']",2739979,2739979.0,"['spark', 'aws', 'r', 'python', 'sql', 'machine learning', 'gcp', 'hadoop', 'azure']",2739979.0,2739979,,950.0
data scientist,midlevel,hybrid,company_202,"Bengaluru, Karnataka, India",2 days ago,"Palo Alto, CA, US",Technology,Public,195020.0,18300000000.0,34805,"['numpy', 'spark', 'aws', 'python', 'neural network', 'database', 'machine learning', 'tensorflow']",34805,34805.0,"['numpy', 'spark', 'aws', 'python', 'neural network', 'database', 'machine learning', 'tensorflow']",34805.0,34805,18300000000.0,195020.0
data scientist,senior,remote,company_969,"San Jose, California, United States",8 days ago,"Purchase, NY, US",Healthcare,Public,4570.0,,155272 - 182672,[],155272,182672.0,[],168972.0,155272 - 182672,,4570.0
data scientist,junior,,company_343,"London, England, United Kingdom",2 days ago,"Edinburgh, GB",Finance,Public,60020.0,24630000000.0,59680,"['aws', 'machine learning', 'linux', 'python']",59680,59680.0,"['aws', 'machine learning', 'linux', 'python']",59680.0,59680,24630000000.0,60020.0
data scientist,senior,remote,company_337,"Reston, VA",7 days ago,"Fairfax, VA, US",Finance,Public,7290.0,,108442 - 184349,"['r', 'python', 'sql', 'machine learning', 'database', 'azure']",108442,184349.0,"['r', 'python', 'sql', 'machine learning', 'database', 'azure']",146395.5,108442 - 184349,,7290.0
data scientist,senior,,company_212,"Cincinnati, OH",22 days ago,"Boston, MA, US",Technology,Public,222490.0,,135178,"['aws', 'python', 'machine learning', 'azure', 'deep learning']",135178,135178.0,"['aws', 'python', 'machine learning', 'azure', 'deep learning']",135178.0,135178,,222490.0
data scientist,senior,,company_318,United States,2 months ago,"Dallas, TX, US",Technology,Public,55030.0,14560000000.0,100472,"['sql', 'machine learning', 'r', 'python']",100472,100472.0,"['sql', 'machine learning', 'r', 'python']",100472.0,100472,14560000000.0,55030.0
data scientist,midlevel,remote,company_421,Brazil,14 days ago,"Cheyenne, WY, US",Technology,,,,25211,"['sql', 'machine learning', 'python']",25211,25211.0,"['sql', 'machine learning', 'python']",25211.0,25211,,
data scientist,midlevel,,company_971,"Singapore, Singapore",7 days ago,"Singapore, SG",Technology,Private,3682.0,,83973,['machine learning'],83973,83973.0,['machine learning'],83973.0,83973,,3682.0
machine learning engineer,,on-site,company_403,"Boston, MA",6 days ago,"Boston, MA, US",Retail,Public,17030.0,,160750 - 170797,[],160750,170797.0,[],165773.5,160750 - 170797,,17030.0
data scientist,senior,remote,company_067,"San Francisco, CA, US",21 days ago,"San Francisco, CA, US",Technology,Public,5260.0,14300000000.0,306626,[],306626,306626.0,[],306626.0,306626,14300000000.0,5260.0
data scientist,senior,remote,company_974,"Toronto, Ontario, Canada",4 days ago,"Toronto, ON, CA",Technology,Public,2280.0,,45064 - 105142,"['sql', 'machine learning', 'python']",45064,105142.0,"['sql', 'machine learning', 'python']",75103.0,45064 - 105142,,2280.0
data scientist,senior,hybrid,company_975,"San Francisco, California, United States",12 days ago,"Miramar, FL, US",Technology,Private,15.0,,173539 - 210072,[],173539,210072.0,[],191805.5,173539 - 210072,,15.0
data scientist,senior,,company_895,"Colorado Springs, CO",2 months ago,"Centreville, VA, US",Technology,Public,16060.0,,79192 - 138558,"['pandas', 'numpy', 'pytorch', 'spark', 'aws', 'amazon', 'r', 'python', 'scikit-learn', 'scipy', 'linux', 'java', 'machine learning', 'keras', 'deep learning', 'matplotlib', 'tensorflow']",79192,138558.0,"['pandas', 'numpy', 'pytorch', 'spark', 'aws', 'amazon', 'r', 'python', 'scikit-learn', 'scipy', 'linux', 'java', 'machine learning', 'keras', 'deep learning', 'matplotlib', 'tensorflow']",108875.0,79192 - 138558,,16060.0
data scientist,senior,on-site,company_979,"Bengaluru, Karnataka, India",2 months ago,"Pune, MH, IN",Technology,Public,125010.0,,23903,"['spark', 'aws', 'r', 'python', 'sql', 'machine learning', 'database', 'hadoop', 'azure']",23903,23903.0,"['spark', 'aws', 'r', 'python', 'sql', 'machine learning', 'database', 'hadoop', 'azure']",23903.0,23903,,125010.0
machine learning engineer,,on-site,company_156,"Mountain View, California HQ",16 days ago,"Mountain View, CA, US",Technology,Private,900.0,8100000000.0,126250 - 189589,[],126250,189589.0,[],157919.5,126250 - 189589,8100000000.0,900.0
data scientist,senior,hybrid,company_003,"Bentonville, AR",18 days ago,"Bentonville, AR, US",Retail,Public,352440000000.0,,82200 - 164400,"['spark', 'r', 'python', 'scala', 'machine learning', 'tensorflow']",82200,164400.0,"['spark', 'r', 'python', 'scala', 'machine learning', 'tensorflow']",123300.0,82200 - 164400,,352440000000.0
data scientist,lead,,company_980,"Bengaluru, Karnataka, India",a month ago,"Minneapolis, MN, US",Retail,Public,409060.0,66940000000.0,31966 - 58197,"['spark', 'r', 'python', 'scala', 'java', 'sql', 'hadoop', 'machine learning']",31966,58197.0,"['spark', 'r', 'python', 'scala', 'java', 'sql', 'hadoop', 'machine learning']",45081.5,31966 - 58197,66940000000.0,409060.0
data scientist,midlevel,hybrid,company_983,"Annapolis Junction, MD",17 days ago,"McLean, VA, US",Technology,Public,27060.0,,70878 - 160749,"['linux', 'machine learning', 'r', 'python']",70878,160749.0,"['linux', 'machine learning', 'r', 'python']",115813.5,70878 - 160749,,27060.0
data scientist,senior,hybrid,company_357,"Hyderabad, Telangana, India",14 days ago,"Basking Ridge, NJ, US",Technology,Public,132070.0,142280000000.0,22839,"['aws', 'r', 'python', 'sql', 'gcp', 'machine learning', 'tableau']",22839,22839.0,"['aws', 'r', 'python', 'sql', 'gcp', 'machine learning', 'tableau']",22839.0,22839,142280000000.0,132070.0
data scientist,junior,,company_014,"Berkeley, CA",2 months ago,"Berkeley, CA, US",Education,,17441.0,,99741 - 189795,['machine learning'],99741,189795.0,['machine learning'],144768.0,99741 - 189795,,17441.0
data scientist,midlevel,remote,company_421,"Santo Domingo, Dominican Republic",14 days ago,"Cheyenne, WY, US",Technology,,,,25216,"['sql', 'machine learning', 'python']",25216,25216.0,"['sql', 'machine learning', 'python']",25216.0,25216,,
data scientist,junior,,company_985,"Madrid, Community of Madrid, Spain",5 days ago,"Chicago, IL, US",Finance,Private,312040.0,,28045,"['python', 'docker', 'kubernetes', 'machine learning', 'azure', 'deep learning']",28045,28045.0,"['python', 'docker', 'kubernetes', 'machine learning', 'azure', 'deep learning']",28045.0,28045,,312040.0
data scientist,senior,remote,company_647,"India, Hyderabad",20 days ago,"London, GB",Technology,Private,900.0,,39023,[],39023,39023.0,[],39023.0,39023,,900.0
data scientist,senior,on-site,company_316,"Gurgaon, Haryana, India",8 days ago,"Eden Prairie, MN, US",Healthcare,Public,37950.0,,29801 - 32905,"['python', 'machine learning', 'gcp', 'azure', 'deep learning', 'tensorflow']",29801,32905.0,"['python', 'machine learning', 'gcp', 'azure', 'deep learning', 'tensorflow']",31353.0,29801 - 32905,,37950.0
data scientist,lead,on-site,company_844,"San Diego, CA",3 days ago,"Mountain View, CA, US",Technology,Public,17070.0,94690000000.0,145221,"['r', 'python', 'sql', 'machine learning', 'tableau']",145221,145221.0,"['r', 'python', 'sql', 'machine learning', 'tableau']",145221.0,145221,94690000000.0,17070.0
data scientist,lead,remote,company_338,"Cambridge, MA",7 days ago,"Paris, FR",Healthcare,Public,75470.0,99860000000.0,149787,"['pytorch', 'r', 'python', 'machine learning', 'tensorflow']",149787,149787.0,"['pytorch', 'r', 'python', 'machine learning', 'tensorflow']",149787.0,149787,99860000000.0,75470.0
data scientist,senior,on-site,company_816,"San Francisco, CA",2 months ago,"San Francisco, CA, US",Retail,Public,117010.0,,159293 - 211170,"['spark', 'sql', 'azure', 'python']",159293,211170.0,"['spark', 'sql', 'azure', 'python']",185231.5,159293 - 211170,,117010.0
data scientist,senior,on-site,company_096,"New York, New York, United States",23 days ago,"San Francisco, CA, US",Finance,Private,950.0,11680000000.0,175364 - 219204,[],175364,219204.0,[],197284.0,175364 - 219204,11680000000.0,950.0
data scientist,senior,on-site,company_917,"Mountain View, CA",4 days ago,"Mountain View, CA, US",Technology,Public,258760.0,1140000000000.0,151616 - 222855,"['sql', 'r', 'python']",151616,222855.0,"['sql', 'r', 'python']",187235.5,151616 - 222855,1140000000000.0,258760.0
data scientist,senior,on-site,company_003,"Bellevue, WA",16 days ago,"Bentonville, AR, US",Retail,Public,352440000000.0,,142483 - 284961,"['pytorch', 'spark', 'r', 'python', 'scala', 'machine learning', 'azure', 'tensorflow']",142483,284961.0,"['pytorch', 'spark', 'r', 'python', 'scala', 'machine learning', 'azure', 'tensorflow']",213722.0,142483 - 284961,,352440000000.0
data scientist,senior,on-site,company_849,"Whitehouse Station, NJ",3 months ago,"Readington Township, NJ, US",Finance,Public,29400.0,,96818 - 165318,"['database', 'sql', 'machine learning', 'python']",96818,165318.0,"['database', 'sql', 'machine learning', 'python']",131068.0,96818 - 165318,,29400.0
data scientist,midlevel,,company_055,"Cary, NC",19 days ago,"Zürich, ZH, CH",Technology,Public,97300.0,55340000000.0,37995 - 64591,[],37995,64591.0,[],51293.0,37995 - 64591,55340000000.0,97300.0
machine learning engineer,,hybrid,company_403,"Boston, MA",22 days ago,"Boston, MA, US",Retail,Public,17020.0,,160748 - 170795,[],160748,170795.0,[],165771.5,160748 - 170795,,17020.0
data scientist,lead,,company_366,"Hyderabad, Telangana, India",7 days ago,"Columbia, MD, US",Technology,Private,180.0,,19780,"['aws', 'r', 'python', 'sql', 'machine learning', 'azure', 'tableau']",19780,19780.0,"['aws', 'r', 'python', 'sql', 'machine learning', 'azure', 'tableau']",19780.0,19780,,180.0
machine learning engineer,senior,,company_941,"Bengaluru, Karnataka, India",14 days ago,"Dublin, IE",Technology,Public,492235.0,153050000000.0,10524 - 26185,"['sql', 'python']",10524,26185.0,"['sql', 'python']",18354.5,10524 - 26185,153050000000.0,492235.0
data scientist,,hybrid,company_081,"Toronto, Canada",7 days ago,"San Francisco, CA, US",Technology,Public,5010.0,4670000000.0,98640 - 123300,[],98640,123300.0,[],110970.0,98640 - 123300,4670000000.0,5010.0
data scientist,senior,,company_844,"Plano, TX",8 days ago,"Mountain View, CA, US",Technology,Public,17020.0,94390000000.0,168969,"['spark', 'r', 'python', 'sql', 'tableau']",168969,168969.0,"['spark', 'r', 'python', 'sql', 'tableau']",168969.0,168969,94390000000.0,17020.0
data scientist,senior,on-site,company_917,"Mountain View, CA",5 days ago,"Mountain View, CA, US",Technology,Public,258800.0,1290000000000.0,128780 - 184493,"['sql', 'r', 'python']",128780,184493.0,"['sql', 'r', 'python']",156636.5,128780 - 184493,1290000000000.0,258800.0
data scientist,lead,hybrid,company_667,"Mountain View, CA, US",9 days ago,"Mountain View, CA, US",Technology,Private,2760.0,,251171,[],251171,251171.0,[],251171.0,251171,,2760.0
data scientist,senior,remote,company_421,"Lima, Peru",5 days ago,"Cheyenne, WY, US",Technology,,,,7679,"['pandas', 'numpy', 'python', 'sklearn', 'machine learning', 'matplotlib']",7679,7679.0,"['pandas', 'numpy', 'python', 'sklearn', 'machine learning', 'matplotlib']",7679.0,7679,,
data scientist,senior,remote,company_848,"East Hanover, NJ",14 days ago,"Basel, BS, CH",Healthcare,Public,107690.0,160950000000.0,104122 - 192715,"['gcp', 'database']",104122,192715.0,"['gcp', 'database']",148418.5,104122 - 192715,160950000000.0,107690.0
data scientist,senior,,company_844,"Mountain View, CA",a month ago,"Mountain View, CA, US",Technology,Public,17020.0,94640000000.0,173539,"['sql', 'machine learning', 'r', 'python']",173539,173539.0,"['sql', 'machine learning', 'r', 'python']",173539.0,173539,94640000000.0,17020.0
data scientist,lead,on-site,company_235,"Colorado Springs, CO",8 days ago,"San Antonio, TX, US",Finance,Private,33020.0,,150503 - 287666,"['r', 'python', 'sql', 'database', 'machine learning']",150503,287666.0,"['r', 'python', 'sql', 'database', 'machine learning']",219084.5,150503 - 287666,,33020.0
data scientist,senior,,company_270,"Albany, NY",2 months ago,"Woonsocket, RI, US",Healthcare,Public,300060.0,121220000000.0,131709 - 263411,"['aws', 'python', 'sql', 'machine learning', 'gcp', 'azure']",131709,263411.0,"['aws', 'python', 'sql', 'machine learning', 'gcp', 'azure']",197560.0,131709 - 263411,121220000000.0,300060.0
data scientist,senior,,company_233,"McLean, VA",2 months ago,"Reston, VA, US",Technology,Public,27450.0,,115177 - 208199,"['pandas', 'numpy', 'r', 'python', 'sql', 'tableau']",115177,208199.0,"['pandas', 'numpy', 'r', 'python', 'sql', 'tableau']",161688.0,115177 - 208199,,27450.0
data scientist,lead,,company_872,"Boise, ID",a month ago,"Atlanta, GA, US",Finance,Public,11060.0,18580000000.0,100474,"['pandas', 'numpy', 'pytorch', 'spark', 'r', 'python', 'scikit-learn', 'machine learning', 'deep learning', 'tensorflow']",100474,100474.0,"['pandas', 'numpy', 'pytorch', 'spark', 'r', 'python', 'scikit-learn', 'machine learning', 'deep learning', 'tensorflow']",100474.0,100474,18580000000.0,11060.0
data scientist,senior,hybrid,company_115,"Bengaluru, Karnataka, India",7 days ago,"Frankfurt am Main, HE, DE",Finance,Public,68420.0,,24200,"['pytorch', 'aws', 'python', 'sql', 'gcp', 'azure', 'tensorflow']",24200,24200.0,"['pytorch', 'aws', 'python', 'sql', 'gcp', 'azure', 'tensorflow']",24200.0,24200,,68420.0
data scientist,senior,hybrid,company_316,"Dublin, County Dublin, Ireland",14 days ago,"Eden Prairie, MN, US",Healthcare,Public,37950.0,,67973 - 93598,"['git', 'r', 'python', 'hadoop', 'deep learning', 'keras', 'azure', 'tensorflow']",67973,93598.0,"['git', 'r', 'python', 'hadoop', 'deep learning', 'keras', 'azure', 'tensorflow']",80785.5,67973 - 93598,,37950.0
data scientist,senior,on-site,company_917,"Mountain View, CA",a month ago,"Mountain View, CA, US",Technology,Public,258810.0,1440000000000.0,207333 - 292272,"['sql', 'r', 'python']",207333,292272.0,"['sql', 'r', 'python']",249802.5,207333 - 292272,1440000000000.0,258810.0
data scientist,senior,remote,company_967,"Gurugram, Haryana, India",7 days ago,"San Diego, CA, US",Technology,Private,950.0,,24358,"['scikit-learn', 'python', 'airflow', 'sql', 'machine learning']",24358,24358.0,"['scikit-learn', 'python', 'airflow', 'sql', 'machine learning']",24358.0,24358,,950.0
data scientist,senior,,company_678,"Fort Meade, MD",8 days ago,"Herndon, VA, US",Technology,Private,5010.0,,133347 - 213720,['tableau'],133347,213720.0,['tableau'],173533.5,133347 - 213720,,5010.0
data scientist,senior,,company_366,"Hyderabad, Telangana, India",a month ago,"Columbia, MD, US",Technology,Private,180.0,,19777,"['pytorch', 'aws', 'python', 'docker', 'gcp', 'kubernetes', 'azure', 'tensorflow']",19777,19777.0,"['pytorch', 'aws', 'python', 'docker', 'gcp', 'kubernetes', 'azure', 'tensorflow']",19777.0,19777,,180.0
machine learning engineer,senior,on-site,company_156,"Mountain View, California HQ",7 days ago,"Mountain View, CA, US",Technology,Private,900.0,8199999999.999999,203472 - 304988,[],203472,304988.0,[],254230.0,203472 - 304988,8199999999.999999,900.0
data scientist,senior,hybrid,company_308,"Redmond, WA",2 days ago,"Redmond, WA, US",Technology,Public,182328.0,1980000000000.0,136788,"['sql', 'azure', 'machine learning', 'python']",136788,136788.0,"['sql', 'azure', 'machine learning', 'python']",136788.0,136788,1980000000000.0,182328.0
data scientist,senior,hybrid,company_980,"Brooklyn Park, MN",7 days ago,"Minneapolis, MN, US",Retail,Public,409050.0,67040000000.00001,86770 - 156183,"['spark', 'r', 'python', 'scala', 'java', 'sql', 'hadoop', 'machine learning']",86770,156183.0,"['spark', 'r', 'python', 'scala', 'java', 'sql', 'hadoop', 'machine learning']",121476.5,86770 - 156183,67040000000.00001,409050.0
data scientist,senior,hybrid,company_291,"Alpharetta, GA",7 days ago,"Bengaluru, KA, IN",Technology,Public,261040.0,71180000000.0,85855 - 150244,"['pytorch', 'spark', 'aws', 'r', 'python', 'scala', 'java', 'sql', 'machine learning', 'gcp', 'deep learning', 'azure', 'tensorflow', 'tableau']",85855,150244.0,"['pytorch', 'spark', 'aws', 'r', 'python', 'scala', 'java', 'sql', 'machine learning', 'gcp', 'deep learning', 'azure', 'tensorflow', 'tableau']",118049.5,85855 - 150244,71180000000.0,261040.0
data scientist,senior,,company_171,"Bengaluru, Karnataka, India",7 days ago,"Armonk, NY, US",Technology,Public,524568.0,119180000000.0,33043 - 52693,"['pandas', 'pytorch', 'r', 'python', 'java', 'database', 'keras', 'machine learning', 'matplotlib', 'tensorflow']",33043,52693.0,"['pandas', 'pytorch', 'r', 'python', 'java', 'database', 'keras', 'machine learning', 'matplotlib', 'tensorflow']",42868.0,33043 - 52693,119180000000.0,524568.0
machine learning engineer,senior,,company_678,"College Park, MD",21 days ago,"Herndon, VA, US",Technology,Private,5060.0,,73068 - 116908,"['pytorch', 'python', 'java', 'keras', 'machine learning', 'tensorflow']",73068,116908.0,"['pytorch', 'python', 'java', 'keras', 'machine learning', 'tensorflow']",94988.0,73068 - 116908,,5060.0
data scientist,senior,on-site,company_395,"New York, NY",18 days ago,"McLean, VA, US",Retail,Public,55100.0,36380000000.0,158013 - 180298,"['pytorch', 'aws', 'database', 'machine learning', 'tensorflow']",158013,180298.0,"['pytorch', 'aws', 'database', 'machine learning', 'tensorflow']",169155.5,158013 - 180298,36380000000.0,55100.0
data scientist,senior,hybrid,company_667,"Mountain View, California, USA",9 days ago,"Mountain View, CA, US",Technology,Private,2810.0,,236556,[],236556,236556.0,[],236556.0,236556,,2810.0
data scientist,senior,,company_183,"Tallinn, Harjumaa, Estonia",7 days ago,"Tallinn, EE",Technology,Private,3760.0,,61775,"['pandas', 'numpy', 'spark', 'aws', 'scikit-learn', 'python', 'airflow', 'machine learning']",61775,61775.0,"['pandas', 'numpy', 'spark', 'aws', 'scikit-learn', 'python', 'airflow', 'machine learning']",61775.0,61775,,3760.0
data scientist,senior,,company_980,"Bengaluru, Karnataka, India",a month ago,"Minneapolis, MN, US",Retail,Public,409040.0,67090000000.0,31971 - 58202,"['pytorch', 'python', 'docker', 'sql', 'machine learning', 'kubernetes', 'hadoop', 'deep learning', 'tensorflow']",31971,58202.0,"['pytorch', 'python', 'docker', 'sql', 'machine learning', 'kubernetes', 'hadoop', 'deep learning', 'tensorflow']",45086.5,31971 - 58202,67090000000.0,409040.0
data scientist,senior,on-site,company_288,"Washington, DC",7 days ago,"Reston, VA, US",Technology,Public,26010.0,62740000000.0,109604 - 146136,['machine learning'],109604,146136.0,['machine learning'],127870.0,109604 - 146136,62740000000.0,26010.0
data scientist,senior,hybrid,company_983,"Fort Belvoir, VA",20 days ago,"McLean, VA, US",Technology,Public,27010.0,,90421 - 205500,"['spark', 'r', 'python', 'sql', 'hadoop', 'machine learning']",90421,205500.0,"['spark', 'r', 'python', 'sql', 'hadoop', 'machine learning']",147960.5,90421 - 205500,,27010.0
data scientist,senior,hybrid,company_067,"San Francisco, CA, US",19 hours ago,"San Francisco, CA, US",Technology,Public,5300.0,14250000000.0,306623,[],306623,306623.0,[],306623.0,306623,14250000000.0,5300.0
data scientist,lead,on-site,company_395,"New York, NY",16 days ago,"McLean, VA, US",Retail,Public,55110.0,36030000000.0,262862 - 300034,"['aws', 'r', 'python', 'scala', 'machine learning', 'database', 'deep learning']",262862,300034.0,"['aws', 'r', 'python', 'scala', 'machine learning', 'database', 'deep learning']",281448.0,262862 - 300034,36030000000.0,55110.0
data scientist,senior,on-site,company_395,"San Jose, CA",6 days ago,"McLean, VA, US",Retail,Public,55130.0,36030000000.0,132526 - 151250,"['pytorch', 'aws', 'r', 'python', 'scala', 'sql', 'database', 'machine learning']",132526,151250.0,"['pytorch', 'aws', 'r', 'python', 'scala', 'sql', 'database', 'machine learning']",141888.0,132526 - 151250,36030000000.0,55130.0
data scientist,senior,hybrid,company_291,"Alpharetta, GA",7 days ago,"Bengaluru, KA, IN",Technology,Public,261010.0,71030000000.0,85862 - 150251,"['pytorch', 'spark', 'aws', 'r', 'python', 'scala', 'java', 'sql', 'machine learning', 'gcp', 'deep learning', 'azure', 'tensorflow', 'tableau']",85862,150251.0,"['pytorch', 'spark', 'aws', 'r', 'python', 'scala', 'java', 'sql', 'machine learning', 'gcp', 'deep learning', 'azure', 'tensorflow', 'tableau']",118056.5,85862 - 150251,71030000000.0,261010.0
data scientist,senior,on-site,company_003,"Sunnyvale, CA",21 days ago,"Bentonville, AR, US",Retail,Public,352440000000.0,,106860 - 213719,"['pytorch', 'spark', 'r', 'python', 'scala', 'machine learning', 'tensorflow']",106860,213719.0,"['pytorch', 'spark', 'r', 'python', 'scala', 'machine learning', 'tensorflow']",160289.5,106860 - 213719,,352440000000.0
data scientist,senior,,company_291,"Bengaluru East, Karnataka, India",6 days ago,"Bengaluru, KA, IN",Technology,Public,261040.0,71130000000.0,9582,"['aws', 'r', 'python', 'sql', 'neural network', 'gcp', 'azure']",9582,9582.0,"['aws', 'r', 'python', 'sql', 'neural network', 'gcp', 'azure']",9582.0,9582,71130000000.0,261040.0
data scientist,senior,hybrid,company_922,"Hartford, CT",7 days ago,"Hartford, CT, US",Finance,Public,18190.0,21600000000.0,100028 - 150042,['machine learning'],100028,150042.0,['machine learning'],125035.0,100028 - 150042,21600000000.0,18190.0
data scientist,,hybrid,company_081,"Toronto, Canada",7 days ago,"San Francisco, CA, US",Technology,Public,5040.0,4720000000.0,98648 - 123308,[],98648,123308.0,[],110978.0,98648 - 123308,4720000000.0,5040.0
data scientist,senior,on-site,company_185,"Linthicum Heights, MD",14 days ago,"Falls Church, VA, US",Technology,Public,97050.0,75000000000.0,164039 - 246056,['r'],164039,246056.0,['r'],205047.5,164039 - 246056,75000000000.0,97050.0
data scientist,lead,on-site,company_230,"North Chicago, IL",a month ago,"North Chicago, IL, US",Healthcare,Public,49360.0,245340000000.0,137007,[],137007,137007.0,[],137007.0,137007,245340000000.0,49360.0
data scientist,midlevel,remote,company_421,"San Juan, Puerto Rico",14 days ago,"Cheyenne, WY, US",Technology,,,,25214,"['sql', 'machine learning', 'python']",25214,25214.0,"['sql', 'machine learning', 'python']",25214.0,25214,,
data scientist,senior,on-site,company_490,"Overland Park, KS",3 months ago,"Bellevue, WA, US",Technology,Public,83560.0,,116363 - 209887,"['aws', 'r', 'python', 'sql', 'machine learning', 'deep learning', 'azure']",116363,209887.0,"['aws', 'r', 'python', 'sql', 'machine learning', 'deep learning', 'azure']",163125.0,116363 - 209887,,83560.0
data scientist,senior,,company_844,"San Francisco, CA",21 days ago,"Mountain View, CA, US",Technology,Public,17070.0,94490000000.0,168968,"['r', 'python', 'sql', 'machine learning', 'tableau']",168968,168968.0,"['r', 'python', 'sql', 'machine learning', 'tableau']",168968.0,168968,94490000000.0,17070.0
data scientist,senior,,company_171,"Hyderabad, Telangana, India",14 days ago,"Armonk, NY, US",Technology,Public,524608.0,119330000000.0,27279 - 52700,"['database', 'machine learning', 'java']",27279,52700.0,"['database', 'machine learning', 'java']",39989.5,27279 - 52700,119330000000.0,524608.0
data scientist,senior,hybrid,company_183,"Tallinn, Harjumaa, Estonia",a month ago,"Tallinn, EE",Technology,Private,3760.0,,61778,"['pandas', 'numpy', 'pytorch', 'spark', 'aws', 'scikit-learn', 'python', 'docker', 'airflow', 'machine learning', 'deep learning']",61778,61778.0,"['pandas', 'numpy', 'pytorch', 'spark', 'aws', 'scikit-learn', 'python', 'docker', 'airflow', 'machine learning', 'deep learning']",61778.0,61778,,3760.0
data scientist,senior,,company_844,"Mountain View, CA",7 days ago,"Mountain View, CA, US",Technology,Public,17050.0,94540000000.0,168967,"['sql', 'machine learning', 'tableau', 'python']",168967,168967.0,"['sql', 'machine learning', 'tableau', 'python']",168967.0,168967,94540000000.0,17050.0
machine learning engineer,senior,on-site,company_135,"Taipei, Taiwan",a month ago,TW,Technology,Private,530.0,,36345,[],36345,36345.0,[],36345.0,36345,,530.0
data scientist,senior,,company_889,"Brooklyn, NY",14 days ago,"NY, US",Energy,Public,6190.0,,127871 - 166230,"['sql', 'python']",127871,166230.0,"['sql', 'python']",147050.5,127871 - 166230,,6190.0
data scientist,midlevel,,company_244,"Mumbai, Maharashtra, India",7 days ago,"New York, NY, US",Finance,Public,290800.0,350320000000.0,33751,"['spark', 'sql', 'machine learning', 'python']",33751,33751.0,"['spark', 'sql', 'machine learning', 'python']",33751.0,33751,350320000000.0,290800.0
data scientist,midlevel,,company_174,"Amsterdam, North Holland, Netherlands",a month ago,"Amsterdam, NH, NL",Technology,Private,900.0,,49109,"['machine learning', 'python']",49109,49109.0,"['machine learning', 'python']",49109.0,49109,,900.0
data scientist,senior,remote,company_083,Mumbai Metropolitan Region,2 months ago,"Paris, IDF, FR",Technology,Private,263610.0,25310000000.0,4055 - 10055,"['pandas', 'numpy', 'pytorch', 'scipy', 'opencv', 'hadoop', 'machine learning', 'keras', 'deep learning', 'tensorflow']",4055,10055.0,"['pandas', 'numpy', 'pytorch', 'scipy', 'opencv', 'hadoop', 'machine learning', 'keras', 'deep learning', 'tensorflow']",7055.0,4055 - 10055,25310000000.0,263610.0
data scientist,lead,on-site,company_244,"Plano, TX",5 days ago,"New York, NY, US",Finance,Public,290750.0,350320000000.0,137008,"['amazon', 'spark', 'aws', 'r', 'python', 'scala', 'sql', 'machine learning', 'gcp', 'hadoop', 'azure']",137008,137008.0,"['amazon', 'spark', 'aws', 'r', 'python', 'scala', 'sql', 'machine learning', 'gcp', 'hadoop', 'azure']",137008.0,137008,350320000000.0,290750.0
data scientist,junior,on-site,company_849,"Jersey City, NJ",a month ago,"Readington Township, NJ, US",Finance,Public,29410.0,,79463 - 135176,"['pandas', 'numpy', 'pytorch', 'spark', 'scikit-learn', 'python', 'linux', 'airflow', 'sql', 'machine learning', 'database', 'azure', 'tensorflow']",79463,135176.0,"['pandas', 'numpy', 'pytorch', 'spark', 'scikit-learn', 'python', 'linux', 'airflow', 'sql', 'machine learning', 'database', 'azure', 'tensorflow']",107319.5,79463 - 135176,,29410.0
data scientist,senior,on-site,company_844,"Mountain View, CA",4 days ago,"Mountain View, CA, US",Technology,Public,17020.0,94590000000.0,163490 - 170340,"['sql', 'machine learning', 'r', 'python']",163490,170340.0,"['sql', 'machine learning', 'r', 'python']",166915.0,163490 - 170340,94590000000.0,17020.0
data scientist,lead,on-site,company_273,"San Francisco, CA",14 days ago,"Menlo Park, CA, US",Technology,Public,94560.0,230370000000.0,231078 - 286791,['machine learning'],231078,286791.0,['machine learning'],258934.5,231078 - 286791,230370000000.0,94560.0
data scientist,senior,hybrid,company_146,"San Francisco, CA",12 days ago,"San Francisco, CA, US",Finance,Private,780.0,11750000000.0,204593 - 281312,[],204593,281312.0,[],242952.5,204593 - 281312,11750000000.0,780.0
data scientist,senior,,company_223,"Raleigh, NC",6 days ago,"New York, NY, US",Technology,Public,10040.0,,99557,"['spark', 'aws', 'r', 'python', 'machine learning', 'hadoop', 'deep learning']",99557,99557.0,"['spark', 'aws', 'r', 'python', 'machine learning', 'hadoop', 'deep learning']",99557.0,99557,,10040.0
data scientist,senior,,company_309,"Bengaluru, Karnataka, India",21 days ago,"New York, NY, US",Technology,Private,3550.0,,19234,"['pytorch', 'aws', 'git', 'python', 'docker', 'sql', 'machine learning', 'gcp', 'deep learning', 'keras', 'azure', 'tensorflow', 'tableau']",19234,19234.0,"['pytorch', 'aws', 'git', 'python', 'docker', 'sql', 'machine learning', 'gcp', 'deep learning', 'keras', 'azure', 'tensorflow', 'tableau']",19234.0,19234,,3550.0
data scientist,lead,on-site,company_395,"McLean, VA",18 days ago,"McLean, VA, US",Retail,Public,55100.0,36180000000.0,262864 - 300036,"['aws', 'r', 'python', 'scala', 'machine learning', 'database', 'deep learning']",262864,300036.0,"['aws', 'r', 'python', 'scala', 'machine learning', 'database', 'deep learning']",281450.0,262864 - 300036,36180000000.0,55100.0
data scientist,senior,on-site,company_878,"San Jose, CA",7 days ago,"San Jose, CA, US",Technology,Public,21260.0,144770000000.0,117457 - 213904,"['sql', 'python']",117457,213904.0,"['sql', 'python']",165680.5,117457 - 213904,144770000000.0,21260.0
data scientist,senior,hybrid,company_146,"San Francisco, CA",12 days ago,"San Francisco, CA, US",Finance,Private,780.0,11900000000.0,204590 - 281309,[],204590,281309.0,[],242949.5,204590 - 281309,11900000000.0,780.0
data scientist,lead,on-site,company_395,"McLean, VA",21 days ago,"McLean, VA, US",Retail,Public,55100.0,36230000000.0,262861 - 300033,"['aws', 'r', 'python', 'scala', 'machine learning', 'database', 'deep learning']",262861,300033.0,"['aws', 'r', 'python', 'scala', 'machine learning', 'database', 'deep learning']",281447.0,262861 - 300033,36230000000.0,55100.0
machine learning engineer,senior,on-site,company_336,"South San Francisco, CA",4 days ago,"South San Francisco, CA, US",Technology,Private,14060.0,,177193,"['pytorch', 'r', 'python', 'scala', 'java', 'machine learning', 'deep learning', 'tensorflow']",177193,177193.0,"['pytorch', 'r', 'python', 'scala', 'java', 'machine learning', 'deep learning', 'tensorflow']",177193.0,177193,,14060.0
data scientist,senior,hybrid,company_081,"San Francisco, CA",7 days ago,"San Francisco, CA, US",Technology,Public,5020.0,4720000000.0,135174 - 168967,[],135174,168967.0,[],152070.5,135174 - 168967,4720000000.0,5020.0
data scientist,senior,remote,company_421,"Bogota, D.C., Capital District, Colombia",5 days ago,"Cheyenne, WY, US",Technology,,,,7680,"['pandas', 'numpy', 'python', 'sklearn', 'machine learning', 'matplotlib']",7680,7680.0,"['pandas', 'numpy', 'python', 'sklearn', 'machine learning', 'matplotlib']",7680.0,7680,,
data scientist,midlevel,remote,company_318,"San Francisco, CA",11 days ago,"Dallas, TX, US",Technology,Public,55040.0,14610000000.0,118739,['machine learning'],118739,118739.0,['machine learning'],118739.0,118739,14610000000.0,55040.0
data scientist,midlevel,on-site,company_273,"San Francisco, CA",a month ago,"Menlo Park, CA, US",Technology,Public,94540.0,230420000000.0,132439 - 186325,"['sql', 'machine learning', 'r', 'python']",132439,186325.0,"['sql', 'machine learning', 'r', 'python']",159382.0,132439 - 186325,230420000000.0,94540.0
data scientist,senior,on-site,company_003,"Sunnyvale, CA",12 days ago,"Bentonville, AR, US",Retail,Public,352440000000.0,,118736 - 237469,"['pytorch', 'spark', 'r', 'python', 'scala', 'java', 'sql', 'machine learning', 'deep learning', 'keras', 'azure', 'tensorflow']",118736,237469.0,"['pytorch', 'spark', 'r', 'python', 'scala', 'java', 'sql', 'machine learning', 'deep learning', 'keras', 'azure', 'tensorflow']",178102.5,118736 - 237469,,352440000000.0
data scientist,senior,hybrid,company_316,"Dublin, County Dublin, Ireland",3 days ago,"Eden Prairie, MN, US",Healthcare,Public,37990.0,,52987,"['aws', 'r', 'python', 'airflow', 'sql', 'machine learning', 'azure', 'tableau']",52987,52987.0,"['aws', 'r', 'python', 'airflow', 'sql', 'machine learning', 'azure', 'tableau']",52987.0,52987,,37990.0
data scientist,senior,remote,company_572,Fully Remote,6 days ago,"San Francisco, CA, US",Technology,Private,45.0,,146136 - 159836,[],146136,159836.0,[],152986.0,146136 - 159836,,45.0
data scientist,senior,,company_371,"South San Francisco, CA",a month ago,"South San Francisco, CA, US",Healthcare,Private,250.0,,109602 - 168968,"['r', 'python']",109602,168968.0,"['r', 'python']",139285.0,109602 - 168968,,250.0
data scientist,senior,,company_207,"Singapore, Singapore",3 days ago,"Boise, ID, US",Technology,Public,40040.0,55290000000.0,85616,"['git', 'python', 'java', 'sql', 'machine learning']",85616,85616.0,"['git', 'python', 'java', 'sql', 'machine learning']",85616.0,85616,55290000000.0,40040.0
data scientist,senior,on-site,company_003,"Bentonville, AR",14 days ago,"Bentonville, AR, US",Retail,Public,352440000000.0,,100468 - 200934,"['spark', 'r', 'python', 'scala', 'sql', 'machine learning', 'tensorflow']",100468,200934.0,"['spark', 'r', 'python', 'scala', 'sql', 'machine learning', 'tensorflow']",150701.0,100468 - 200934,,352440000000.0
data scientist,midlevel,hybrid,company_983,"Arlington, VA",6 days ago,"McLean, VA, US",Technology,Public,27030.0,,70880 - 160751,"['spark', 'r', 'python', 'sql', 'hadoop', 'machine learning']",70880,160751.0,"['spark', 'r', 'python', 'sql', 'hadoop', 'machine learning']",115815.5,70880 - 160751,,27030.0
data scientist,midlevel,,company_941,"Kochi, Kerala, India",14 days ago,"Dublin, IE",Technology,Public,492195.0,153250000000.0,12728 - 26188,"['aws', 'r', 'python', 'scala', 'java', 'sql', 'machine learning', 'hadoop', 'azure', 'tableau']",12728,26188.0,"['aws', 'r', 'python', 'scala', 'java', 'sql', 'machine learning', 'hadoop', 'azure', 'tableau']",19458.0,12728 - 26188,153250000000.0,492195.0
data scientist,senior,hybrid,company_270,"New York, NY",2 months ago,"Woonsocket, RI, US",Healthcare,Public,300010.0,121470000000.0,101605 - 203204,"['pytorch', 'aws', 'python', 'sql', 'machine learning', 'gcp', 'deep learning', 'azure']",101605,203204.0,"['pytorch', 'aws', 'python', 'sql', 'machine learning', 'gcp', 'deep learning', 'azure']",152404.5,101605 - 203204,121470000000.0,300010.0
data scientist,senior,,company_291,"Bengaluru East, Karnataka, India",5 days ago,"Bengaluru, KA, IN",Technology,Public,261060.0,71030000000.0,9587,['machine learning'],9587,9587.0,['machine learning'],9587.0,9587,71030000000.0,261060.0
data scientist,midlevel,hybrid,company_983,"Washington, DC",14 days ago,"McLean, VA, US",Technology,Public,27070.0,,70883 - 160754,"['machine learning', 'tableau', 'python']",70883,160754.0,"['machine learning', 'tableau', 'python']",115818.5,70883 - 160754,,27070.0
data scientist,senior,hybrid,company_083,"Sevilla La Nueva, Community of Madrid, Spain",14 days ago,"Paris, IDF, FR",Technology,Private,263590.0,25360000000.0,32155,"['pytorch', 'aws', 'r', 'python', 'docker', 'opencv', 'machine learning', 'gcp', 'kubernetes', 'deep learning', 'azure', 'tensorflow']",32155,32155.0,"['pytorch', 'aws', 'r', 'python', 'docker', 'opencv', 'machine learning', 'gcp', 'kubernetes', 'deep learning', 'azure', 'tensorflow']",32155.0,32155,25360000000.0,263590.0
data scientist,senior,hybrid,company_983,"Chantilly, VA",7 days ago,"McLean, VA, US",Technology,Public,27050.0,,90426 - 205505,"['r', 'python', 'java', 'sql', 'database', 'tableau']",90426,205505.0,"['r', 'python', 'java', 'sql', 'database', 'tableau']",147965.5,90426 - 205505,,27050.0
data scientist,midlevel,on-site,company_310,"Riverside, CA",a month ago,"Arlington, VA, US",Technology,Public,20010.0,,82476,"['pytorch', 'aws', 'scikit-learn', 'python', 'machine learning', 'azure', 'tensorflow']",82476,82476.0,"['pytorch', 'aws', 'scikit-learn', 'python', 'machine learning', 'azure', 'tensorflow']",82476.0,82476,,20010.0
data scientist,lead,on-site,company_235,"Colorado Springs, CO",14 days ago,"San Antonio, TX, US",Finance,Private,33010.0,,137005,"['spark', 'r', 'python', 'sql', 'machine learning', 'hadoop', 'deep learning']",137005,137005.0,"['spark', 'r', 'python', 'sql', 'machine learning', 'hadoop', 'deep learning']",137005.0,137005,,33010.0
data scientist,midlevel,on-site,company_273,"Los Angeles, CA",18 days ago,"Menlo Park, CA, US",Technology,Public,94590.0,230320000000.0,158014 - 221034,"['sql', 'machine learning', 'r', 'python']",158014,221034.0,"['sql', 'machine learning', 'r', 'python']",189524.0,158014 - 221034,230320000000.0,94590.0
data scientist,senior,,company_678,"Fort Meade, MD",7 days ago,"Herndon, VA, US",Technology,Private,5060.0,,102293 - 163486,['tableau'],102293,163486.0,['tableau'],132889.5,102293 - 163486,,5060.0
data scientist,senior,on-site,company_980,"Bengaluru, Karnataka, India",2 months ago,"Minneapolis, MN, US",Retail,Public,409050.0,67040000000.00001,31210 - 58197,"['spark', 'machine learning', 'git', 'python']",31210,58197.0,"['spark', 'machine learning', 'git', 'python']",44703.5,31210 - 58197,67040000000.00001,409050.0
data scientist,lead,on-site,company_316,"Mumbai, Maharashtra, India",14 days ago,"Eden Prairie, MN, US",Healthcare,Public,37950.0,,29799 - 32903,"['git', 'r', 'python', 'airflow', 'sql', 'machine learning']",29799,32903.0,"['git', 'r', 'python', 'airflow', 'sql', 'machine learning']",31351.0,29799 - 32903,,37950.0
data scientist,midlevel,on-site,company_273,"Sunnyvale, CA",a month ago,"Menlo Park, CA, US",Technology,Public,94590.0,230370000000.0,132433 - 186319,"['sql', 'machine learning', 'r', 'python']",132433,186319.0,"['sql', 'machine learning', 'r', 'python']",159376.0,132433 - 186319,230370000000.0,94590.0
data scientist,senior,,company_844,"San Francisco, CA",25 days ago,"Mountain View, CA, US",Technology,Public,17020.0,94390000000.0,173540,"['sql', 'machine learning', 'r', 'python']",173540,173540.0,"['sql', 'machine learning', 'r', 'python']",173540.0,173540,94390000000.0,17020.0
data scientist,lead,on-site,company_003,"Sunnyvale, CA",14 days ago,"Bentonville, AR, US",Retail,Public,352440000000.0,,182672,"['spark', 'r', 'python', 'scala', 'machine learning', 'tensorflow']",182672,182672.0,"['spark', 'r', 'python', 'scala', 'machine learning', 'tensorflow']",182672.0,182672,,352440000000.0
machine learning engineer,senior,hybrid,company_315,"Noida, Uttar Pradesh, India",a month ago,"Austin, TX, US",Technology,Public,212630.0,188210000000.0,41974,"['pytorch', 'spark', 'aws', 'scikit-learn', 'python', 'docker', 'deep learning', 'sql', 'machine learning', 'gcp', 'kubernetes', 'hadoop', 'azure', 'tensorflow']",41974,41974.0,"['pytorch', 'spark', 'aws', 'scikit-learn', 'python', 'docker', 'deep learning', 'sql', 'machine learning', 'gcp', 'kubernetes', 'hadoop', 'azure', 'tensorflow']",41974.0,41974,188210000000.0,212630.0
data scientist,senior,on-site,company_355,"San Francisco, CA",5 days ago,"San Francisco, CA, US",Technology,Public,65820.0,130590000000.0,183405 - 252178,"['spark', 'r', 'python', 'airflow', 'hadoop']",183405,252178.0,"['spark', 'r', 'python', 'airflow', 'hadoop']",217791.5,183405 - 252178,130590000000.0,65820.0
data scientist,senior,hybrid,company_008,"Bengaluru, Karnataka, India",14 days ago,"San Jose, CA, US",Technology,Public,34660.0,81860000000.0,32875 - 47285,"['sql', 'machine learning', 'python']",32875,47285.0,"['sql', 'machine learning', 'python']",40080.0,32875 - 47285,81860000000.0,34660.0
data scientist,,on-site,company_445,On-site,14 days ago,"Ventura, CA, US",Technology,Public,2270.0,,155610 - 207329,[],155610,207329.0,[],181469.5,155610 - 207329,,2270.0
data scientist,senior,,company_931,"London, England, United Kingdom",14 days ago,"Seattle, WA, US",Technology,Public,26090.0,,78110,"['r', 'python', 'sql', 'hadoop', 'machine learning', 'tableau']",78110,78110.0,"['r', 'python', 'sql', 'hadoop', 'machine learning', 'tableau']",78110.0,78110,,26090.0
data scientist,senior,on-site,company_288,"Chantilly, VA",8 days ago,"Reston, VA, US",Technology,Public,26020.0,62740000000.0,114169,"['amazon', 'aws', 'python']",114169,114169.0,"['amazon', 'aws', 'python']",114169.0,114169,62740000000.0,26020.0
data scientist,midlevel,hybrid,company_257,"Washington, DC",14 days ago,"Foster City, CA, US",Finance,Public,21030.0,383100000000.0,106410 - 164863,"['spark', 'hadoop', 'sql', 'python']",106410,164863.0,"['spark', 'hadoop', 'sql', 'python']",135636.5,106410 - 164863,383100000000.0,21030.0
data scientist,senior,on-site,company_134,"Bellevue, WA",6 days ago,"Seattle, WA, US",Retail,Public,865416.0,833060000000.0,117828 - 219207,"['amazon', 'r', 'python', 'sql', 'machine learning']",117828,219207.0,"['amazon', 'r', 'python', 'sql', 'machine learning']",168517.5,117828 - 219207,833060000000.0,865416.0
data scientist,senior,,company_911,"Jacksonville, FL",6 days ago,"New York, NY, US",Technology,Public,5010.0,,38945,"['pytorch', 'spark', 'python', 'sql', 'machine learning']",38945,38945.0,"['pytorch', 'spark', 'python', 'sql', 'machine learning']",38945.0,38945,,5010.0
data scientist,senior,on-site,company_291,"Bengaluru East, Karnataka, India",14 days ago,"Bengaluru, KA, IN",Technology,Public,261060.0,70980000000.0,9586,"['sql', 'machine learning', 'r', 'python']",9586,9586.0,"['sql', 'machine learning', 'r', 'python']",9586.0,9586,70980000000.0,261060.0
data scientist,senior,,company_042,Spain,7 days ago,"Boston, MA, US",Technology,Public,990.0,,54805,"['pandas', 'python', 'docker', 'airflow', 'sql', 'gcp', 'machine learning']",54805,54805.0,"['pandas', 'python', 'docker', 'airflow', 'sql', 'gcp', 'machine learning']",54805.0,54805,,990.0
data scientist,lead,,company_270,"Albany, NY",a month ago,"Woonsocket, RI, US",Healthcare,Public,300010.0,121420000000.0,131704 - 263406,"['sql', 'machine learning', 'python']",131704,263406.0,"['sql', 'machine learning', 'python']",197555.0,131704 - 263406,121420000000.0,300010.0
data scientist,senior,on-site,company_149,"Mason, OH",7 days ago,"Cincinnati, OH, US",Manufacturing,Public,101040.0,305270000000.0,77642 - 105041,"['aws', 'machine learning', 'r', 'azure']",77642,105041.0,"['aws', 'machine learning', 'r', 'azure']",91341.5,77642 - 105041,305270000000.0,101040.0
data scientist,junior,,company_047,"Bengaluru, Karnataka, India",a month ago,"Bengaluru, KA, IN",Technology,Public,222050.0,24210000000.0,10049,"['deep learning', 'machine learning']",10049,10049.0,"['deep learning', 'machine learning']",10049.0,10049,24210000000.0,222050.0
data scientist,senior,on-site,company_490,"Overland Park, KS",3 months ago,"Bellevue, WA, US",Technology,Public,83550.0,,116364 - 209888,"['spark', 'r', 'python', 'sql', 'machine learning', 'database', 'hadoop', 'deep learning']",116364,209888.0,"['spark', 'r', 'python', 'sql', 'machine learning', 'database', 'hadoop', 'deep learning']",163126.0,116364 - 209888,,83550.0
data scientist,senior,on-site,company_310,"Homestead, FL",a month ago,"Arlington, VA, US",Technology,Public,20010.0,,63118 - 129242,"['sql', 'machine learning', 'r', 'python']",63118,129242.0,"['sql', 'machine learning', 'r', 'python']",96180.0,63118 - 129242,,20010.0
data scientist,senior,remote,company_223,"Raleigh, NC",a month ago,"New York, NY, US",Technology,Public,10070.0,,99560,"['pandas', 'numpy', 'pytorch', 'spark', 'scikit-learn', 'python', 'scala', 'java', 'sql', 'machine learning', 'keras', 'deep learning', 'tensorflow']",99560,99560.0,"['pandas', 'numpy', 'pytorch', 'spark', 'scikit-learn', 'python', 'scala', 'java', 'sql', 'machine learning', 'keras', 'deep learning', 'tensorflow']",99560.0,99560,,10070.0
data scientist,midlevel,,company_233,"McLean, VA",a month ago,"Reston, VA, US",Technology,Public,27390.0,,95585 - 172784,"['aws', 'git', 'python', 'sql', 'database', 'machine learning', 'matplotlib', 'tensorflow', 'tableau']",95585,172784.0,"['aws', 'git', 'python', 'sql', 'database', 'machine learning', 'matplotlib', 'tensorflow', 'tableau']",134184.5,95585 - 172784,,27390.0
data scientist,senior,remote,company_223,"Raleigh, NC",a month ago,"New York, NY, US",Technology,Public,10020.0,,99554,"['spark', 'python', 'machine learning', 'hadoop', 'deep learning']",99554,99554.0,"['spark', 'python', 'machine learning', 'hadoop', 'deep learning']",99554.0,99554,,10020.0
data scientist,senior,remote,company_421,Mexico City Metropolitan Area,5 days ago,"Cheyenne, WY, US",Technology,,,,7678,"['pandas', 'numpy', 'python', 'sklearn', 'machine learning', 'matplotlib']",7678,7678.0,"['pandas', 'numpy', 'python', 'sklearn', 'machine learning', 'matplotlib']",7678.0,7678,,
data scientist,senior,on-site,company_233,"Bethesda, MD",a month ago,"Reston, VA, US",Technology,Public,27400.0,,77773 - 140587,"['amazon', 'aws', 'git', 'r', 'python', 'docker', 'sql', 'kubernetes', 'hadoop']",77773,140587.0,"['amazon', 'aws', 'git', 'r', 'python', 'docker', 'sql', 'kubernetes', 'hadoop']",109180.0,77773 - 140587,,27400.0
data scientist,senior,on-site,company_916,United States,7 days ago,"Columbus, OH, US",Technology,Public,1300.0,,115088 - 143858,"['aws', 'git', 'r', 'python', 'sql', 'machine learning']",115088,143858.0,"['aws', 'git', 'r', 'python', 'sql', 'machine learning']",129473.0,115088 - 143858,,1300.0
data scientist,senior,on-site,company_392,"Cincinnati, OH",a month ago,"Jacksonville, FL, US",Finance,Public,62040.0,35420000000.0,161759 - 271723,"['spark', 'sql', 'machine learning', 'python']",161759,271723.0,"['spark', 'sql', 'machine learning', 'python']",216741.0,161759 - 271723,35420000000.0,62040.0
data scientist,midlevel,,company_941,"Pune, Maharashtra, India",14 days ago,"Dublin, IE",Technology,Public,492235.0,152950000000.0,12730 - 26190,"['r', 'python', 'java', 'sql', 'database', 'machine learning']",12730,26190.0,"['r', 'python', 'java', 'sql', 'database', 'machine learning']",19460.0,12730 - 26190,152950000000.0,492235.0
data scientist,senior,remote,company_625,Fully Remote,6 months ago,"San Francisco, CA, US",Energy,Private,90.0,,168968 - 210068,[],168968,210068.0,[],189518.0,168968 - 210068,,90.0
machine learning engineer,senior,,company_941,"Bengaluru, Karnataka, India",14 days ago,"Dublin, IE",Technology,Public,492235.0,153200000000.0,10525 - 26186,"['sql', 'python']",10525,26186.0,"['sql', 'python']",18355.5,10525 - 26186,153200000000.0,492235.0
data scientist,,on-site,company_096,"San Francisco, California, United States",a month ago,"San Francisco, CA, US",Finance,Private,950.0,11580000000.0,138831 - 173538,[],138831,173538.0,[],156184.5,138831 - 173538,11580000000.0,950.0
data scientist,senior,,company_375,"Singapore, Singapore",5 days ago,"Singapore, SG",Technology,Public,36130.0,,104657 - 128182,"['spark', 'aws', 'git', 'python', 'sql', 'gcp', 'deep learning', 'azure', 'tensorflow']",104657,128182.0,"['spark', 'aws', 'git', 'python', 'sql', 'gcp', 'deep learning', 'azure', 'tensorflow']",116419.5,104657 - 128182,,36130.0
data scientist,senior,,company_985,"Madrid, Community of Madrid, Spain",13 days ago,"Chicago, IL, US",Finance,Private,312010.0,,28046,[],28046,28046.0,[],28046.0,28046,,312010.0
data scientist,senior,on-site,company_251,"Augusta, GA",14 days ago,"Roseland, NJ, US",Technology,Public,65140.0,,58366 - 156348,"['aws', 'powerbi', 'r', 'python', 'sql', 'machine learning', 'tableau']",58366,156348.0,"['aws', 'powerbi', 'r', 'python', 'sql', 'machine learning', 'tableau']",107357.0,58366 - 156348,,65140.0
data scientist,senior,on-site,company_273,"Redmond, WA",16 days ago,"Menlo Park, CA, US",Technology,Public,94580.0,230420000000.0,132436 - 186322,"['sql', 'machine learning', 'r', 'python']",132436,186322.0,"['sql', 'machine learning', 'r', 'python']",159379.0,132436 - 186322,230420000000.0,94580.0
data scientist,senior,remote,company_969,"San Jose, California, United States",15 days ago,"Purchase, NY, US",Healthcare,Public,4560.0,,155267 - 182667,[],155267,182667.0,[],168967.0,155267 - 182667,,4560.0
data scientist,senior,on-site,company_003,"Sunnyvale, CA",16 days ago,"Bentonville, AR, US",Retail,Public,352440000000.0,,130608 - 261214,"['spark', 'r', 'python', 'scala', 'sql', 'machine learning', 'tensorflow']",130608,261214.0,"['spark', 'r', 'python', 'scala', 'sql', 'machine learning', 'tensorflow']",195911.0,130608 - 261214,,352440000000.0
data scientist,senior,on-site,company_316,"Noida, Uttar Pradesh, India",21 days ago,"Eden Prairie, MN, US",Healthcare,Public,37990.0,,29800 - 32904,"['pytorch', 'aws', 'git', 'r', 'python', 'docker', 'scikit-learn', 'deep learning', 'machine learning', 'gcp', 'kubernetes', 'keras', 'azure', 'tensorflow']",29800,32904.0,"['pytorch', 'aws', 'git', 'r', 'python', 'docker', 'scikit-learn', 'deep learning', 'machine learning', 'gcp', 'kubernetes', 'keras', 'azure', 'tensorflow']",31352.0,29800 - 32904,,37990.0
data scientist,lead,,company_244,"Bengaluru, Karnataka, India",15 days ago,"New York, NY, US",Finance,Public,290740.0,350020000000.0,27555 - 43659,"['sql', 'aws', 'tableau']",27555,43659.0,"['sql', 'aws', 'tableau']",35607.0,27555 - 43659,350020000000.0,290740.0
data scientist,senior,,company_844,"Mountain View, CA",a month ago,"Mountain View, CA, US",Technology,Public,17050.0,94390000000.0,173536,"['sql', 'machine learning', 'tableau', 'python']",173536,173536.0,"['sql', 'machine learning', 'tableau', 'python']",173536.0,173536,94390000000.0,17050.0
data scientist,senior,on-site,company_310,Antwerp Metropolitan Area,2 days ago,"Arlington, VA, US",Technology,Public,20020.0,,99006,"['machine learning', 'database']",99006,99006.0,"['machine learning', 'database']",99006.0,99006,,20020.0
data scientist,senior,on-site,company_992,"San Francisco, CA",14 days ago,"Sydney, NSW, AU",Technology,Public,6030.0,28170000000.0,211535 - 282044,"['tableau', 'sql', 'r', 'python']",211535,282044.0,"['tableau', 'sql', 'r', 'python']",246789.5,211535 - 282044,28170000000.0,6030.0
data scientist,senior,on-site,company_860,"Mountain View, California",18 hours ago,"San Francisco, CA, US",Technology,Private,2270.0,35160000000.0,209476,[],209476,209476.0,[],209476.0,209476,35160000000.0,2270.0
data scientist,junior,hybrid,company_083,"Valladolid, Castilla and Leon, Spain",15 days ago,"Paris, IDF, FR",Technology,Private,263590.0,25210000000.0,32159,"['pandas', 'numpy', 'aws', 'r', 'python', 'scikit-learn', 'machine learning', 'gcp', 'deep learning', 'azure', 'matplotlib']",32159,32159.0,"['pandas', 'numpy', 'aws', 'r', 'python', 'scikit-learn', 'machine learning', 'gcp', 'deep learning', 'azure', 'matplotlib']",32159.0,32159,25210000000.0,263590.0
machine learning engineer,lead,on-site,company_244,"New York, NY",a month ago,"New York, NY, US",Finance,Public,290790.0,350270000000.0,200933,"['pandas', 'numpy', 'pytorch', 'scikit-learn', 'machine learning', 'deep learning', 'tensorflow']",200933,200933.0,"['pandas', 'numpy', 'pytorch', 'scikit-learn', 'machine learning', 'deep learning', 'tensorflow']",200933.0,200933,350270000000.0,290790.0
data scientist,senior,,company_844,"San Diego, CA",14 days ago,"Mountain View, CA, US",Technology,Public,17040.0,94490000000.0,168966,"['pandas', 'numpy', 'git', 'scikit-learn', 'python', 'linux', 'sql', 'machine learning', 'tableau']",168966,168966.0,"['pandas', 'numpy', 'git', 'scikit-learn', 'python', 'linux', 'sql', 'machine learning', 'tableau']",168966.0,168966,94490000000.0,17040.0
data scientist,senior,,company_967,Greater Hyderabad Area,10 days ago,"San Diego, CA, US",Technology,Private,950.0,,2283322,"['azure', 'python']",2283322,2283322.0,"['azure', 'python']",2283322.0,2283322,,950.0
data engineer,senior,on-site,company_134,"North Reading, MA",2 days ago,"Seattle, WA, US",Retail,Public,865456.0,832910000000.0,117826 - 219205,"['amazon', 'spark', 'python', 'scala', 'sql', 'hadoop', 'machine learning']",117826,219205.0,"['amazon', 'spark', 'python', 'scala', 'sql', 'hadoop', 'machine learning']",168515.5,117826 - 219205,832910000000.0,865456.0
data scientist,lead,on-site,company_273,"Menlo Park, CA",18 days ago,"Menlo Park, CA, US",Technology,Public,94590.0,230420000000.0,231077 - 286790,['machine learning'],231077,286790.0,['machine learning'],258933.5,231077 - 286790,230420000000.0,94590.0
data scientist,midlevel,remote,company_421,"Belize City, Belize, Belize",14 days ago,"Cheyenne, WY, US",Technology,,,,25214,"['sql', 'machine learning', 'python']",25214,25214.0,"['sql', 'machine learning', 'python']",25214.0,25214,,
data scientist,senior,hybrid,company_008,"Chicago, IL",2 months ago,"San Jose, CA, US",Technology,Public,34630.0,81660000000.0,112801 - 194406,"['sql', 'machine learning', 'tableau', 'python']",112801,194406.0,"['sql', 'machine learning', 'tableau', 'python']",153603.5,112801 - 194406,81660000000.0,34630.0
data scientist,senior,hybrid,company_983,"Norco, CA",7 days ago,"McLean, VA, US",Technology,Public,27040.0,,90420 - 205499,"['pytorch', 'aws', 'scikit-learn', 'python', 'machine learning', 'azure', 'tensorflow']",90420,205499.0,"['pytorch', 'aws', 'scikit-learn', 'python', 'machine learning', 'azure', 'tensorflow']",147959.5,90420 - 205499,,27040.0
machine learning engineer,junior,,company_941,"Bengaluru, Karnataka, India",17 days ago,"Dublin, IE",Technology,Public,492225.0,153300000000.0,10524 - 26185,['machine learning'],10524,26185.0,['machine learning'],18354.5,10524 - 26185,153300000000.0,492225.0
data scientist,lead,,company_980,"Bengaluru, Karnataka, India",7 days ago,"Minneapolis, MN, US",Retail,Public,409030.0,66890000000.0,31966 - 58197,"['spark', 'machine learning', 'git', 'python']",31966,58197.0,"['spark', 'machine learning', 'git', 'python']",45081.5,31966 - 58197,66890000000.0,409030.0
data scientist,senior,on-site,company_288,"North Las Vegas, NV",7 days ago,"Reston, VA, US",Technology,Public,26050.0,62990000000.0,114170,['machine learning'],114170,114170.0,['machine learning'],114170.0,114170,62990000000.0,26050.0
data scientist,senior,on-site,company_355,"Denver, CO",a month ago,"San Francisco, CA, US",Technology,Public,65860.0,130789999999.99998,183400 - 252173,"['spark', 'r', 'python', 'airflow', 'hadoop']",183400,252173.0,"['spark', 'r', 'python', 'airflow', 'hadoop']",217786.5,183400 - 252173,130789999999.99998,65860.0
data scientist,senior,on-site,company_555,"Boston, MA",4 days ago,"Boston, MA, US",Finance,Public,3070.0,,141567,"['kubernetes', 'machine learning', 'python']",141567,141567.0,"['kubernetes', 'machine learning', 'python']",141567.0,141567,,3070.0
data scientist,senior,,company_993,"Bengaluru, Karnataka, India",11 days ago,"Chennai, TN, IN",Technology,Private,590.0,,23243,"['aws', 'machine learning', 'python']",23243,23243.0,"['aws', 'machine learning', 'python']",23243.0,23243,,590.0
data scientist,senior,on-site,company_158,"McLean, VA",a month ago,"Falls Church, VA, US",Technology,Private,21640.0,,147509 - 199569,"['python', 'database', 'linux', 'sql', 'kubernetes', 'keras', 'machine learning', 'tensorflow']",147509,199569.0,"['python', 'database', 'linux', 'sql', 'kubernetes', 'keras', 'machine learning', 'tensorflow']",173539.0,147509 - 199569,,21640.0
data scientist,midlevel,,company_889,"Brooklyn, NY",6 days ago,"NY, US",Energy,Public,6190.0,,108695 - 141574,"['tableau', 'sql', 'r', 'python']",108695,141574.0,"['tableau', 'sql', 'r', 'python']",125134.5,108695 - 141574,,6190.0
machine learning engineer,midlevel,,company_941,"Bengaluru, Karnataka, India",14 days ago,"Dublin, IE",Technology,Public,492255.0,153150000000.0,10524 - 26185,"['azure', 'machine learning', 'python']",10524,26185.0,"['azure', 'machine learning', 'python']",18354.5,10524 - 26185,153150000000.0,492255.0
data scientist,senior,on-site,company_410,On-site,4 months ago,"San Francisco, CA, US",Technology,Private,320.0,,28127,[],28127,28127.0,[],28127.0,28127,,320.0
data scientist,senior,on-site,company_316,"Dublin, County Dublin, Ireland",14 days ago,"Eden Prairie, MN, US",Healthcare,Public,37950.0,,67978 - 93603,"['sql', 'azure', 'machine learning', 'python']",67978,93603.0,"['sql', 'azure', 'machine learning', 'python']",80790.5,67978 - 93603,,37950.0
data scientist,senior,on-site,company_273,"Washington, DC",18 days ago,"Menlo Park, CA, US",Technology,Public,94570.0,230520000000.0,132441 - 186327,"['sql', 'machine learning', 'r', 'python']",132441,186327.0,"['sql', 'machine learning', 'r', 'python']",159384.0,132441 - 186327,230520000000.0,94570.0
data scientist,senior,on-site,company_273,"Austin, TX",18 days ago,"Menlo Park, CA, US",Technology,Public,94530.0,230570000000.0,132434 - 186320,"['sql', 'machine learning', 'r', 'python']",132434,186320.0,"['sql', 'machine learning', 'r', 'python']",159377.0,132434 - 186320,230570000000.0,94530.0
data engineer,senior,on-site,company_134,"Seattle, WA",21 days ago,"Seattle, WA, US",Retail,Public,865456.0,832810000000.0,109603 - 219202,"['amazon', 'aws']",109603,219202.0,"['amazon', 'aws']",164402.5,109603 - 219202,832810000000.0,865456.0
data scientist,senior,,company_207,"Singapore, Singapore",a month ago,"Boise, ID, US",Technology,Public,40060.0,55440000000.0,43549 - 48973,"['java', 'sql', 'git', 'python']",43549,48973.0,"['java', 'sql', 'git', 'python']",46261.0,43549 - 48973,55440000000.0,40060.0
data scientist,senior,,company_134,"Bengaluru, Karnataka, India",a month ago,"Seattle, WA, US",Retail,Public,865446.0,833060000000.0,68388 - 109537,"['amazon', 'spark', 'r', 'python', 'sql', 'machine learning', 'hadoop', 'deep learning']",68388,109537.0,"['amazon', 'spark', 'r', 'python', 'sql', 'machine learning', 'hadoop', 'deep learning']",88962.5,68388 - 109537,833060000000.0,865446.0
data scientist,senior,on-site,company_134,"New York, NY",a month ago,"Seattle, WA, US",Retail,Public,865416.0,833010000000.0,146134 - 164401,"['amazon', 'r', 'python', 'neural network', 'sql', 'machine learning', 'deep learning']",146134,164401.0,"['amazon', 'r', 'python', 'neural network', 'sql', 'machine learning', 'deep learning']",155267.5,146134 - 164401,833010000000.0,865416.0
machine learning engineer,senior,,company_291,"Bengaluru East, Karnataka, India",21 days ago,"Bengaluru, KA, IN",Technology,Public,261050.0,71080000000.0,9584,"['deep learning', 'aws', 'machine learning', 'azure']",9584,9584.0,"['deep learning', 'aws', 'machine learning', 'azure']",9584.0,9584,71080000000.0,261050.0
machine learning engineer,senior,on-site,company_883,"Bengaluru, Karnataka, India",10 days ago,"Walldorf, BW, DE",Technology,Public,117790.0,104060000000.0,19599,"['git', 'docker', 'java', 'sql', 'database']",19599,19599.0,"['git', 'docker', 'java', 'sql', 'database']",19599.0,19599,104060000000.0,117790.0
data scientist,senior,hybrid,company_214,"Washington, DC",14 days ago,"Montréal, QC, CA",Technology,Public,57270.0,17100000000.000002,105769,"['r', 'python', 'sql', 'machine learning', 'matplotlib', 'tableau']",105769,105769.0,"['r', 'python', 'sql', 'machine learning', 'matplotlib', 'tableau']",105769.0,105769,17100000000.000002,57270.0
data scientist,senior,,company_980,"Bengaluru, Karnataka, India",21 days ago,"Minneapolis, MN, US",Retail,Public,409070.0,66940000000.0,31967 - 58198,"['spark', 'python', 'sql', 'machine learning', 'deep learning']",31967,58198.0,"['spark', 'python', 'sql', 'machine learning', 'deep learning']",45082.5,31967 - 58198,66940000000.0,409070.0
data scientist,lead,on-site,company_395,"Chicago, IL",21 days ago,"McLean, VA, US",Retail,Public,55150.0,36280000000.0,262859 - 300031,"['aws', 'r', 'python', 'scala', 'machine learning', 'database', 'deep learning']",262859,300031.0,"['aws', 'r', 'python', 'scala', 'machine learning', 'database', 'deep learning']",281445.0,262859 - 300031,36280000000.0,55150.0
data scientist,junior,hybrid,company_008,"Austin, TX",a month ago,"San Jose, CA, US",Technology,Public,34690.0,81710000000.0,112804 - 194409,"['sql', 'database']",112804,194409.0,"['sql', 'database']",153606.5,112804 - 194409,81710000000.0,34690.0
data scientist,midlevel,hybrid,company_983,"Washington, DC",14 days ago,"McLean, VA, US",Technology,Public,27040.0,,70880 - 160751,"['sql', 'machine learning', 'python']",70880,160751.0,"['sql', 'machine learning', 'python']",115815.5,70880 - 160751,,27040.0
data scientist,senior,on-site,company_489,"Toronto, Ontario, Canada",14 days ago,"Chicago, IL, US",Manufacturing,Public,18900.0,,91610 - 114535,"['spark', 'machine learning', 'r', 'python']",91610,114535.0,"['spark', 'machine learning', 'r', 'python']",103072.5,91610 - 114535,,18900.0
data scientist,lead,on-site,company_244,"Columbus, OH",a month ago,"New York, NY, US",Finance,Public,290750.0,350170000000.0,155271,"['sql', 'machine learning', 'tableau', 'python']",155271,155271.0,"['sql', 'machine learning', 'tableau', 'python']",155271.0,155271,350170000000.0,290750.0
data scientist,senior,on-site,company_445,On-site,20 hours ago,"Ventura, CA, US",Technology,Public,2270.0,,94259 - 172805,[],94259,172805.0,[],133532.0,94259 - 172805,,2270.0
data scientist,lead,,company_270,"Wellesley Hills, MA",14 days ago,"Woonsocket, RI, US",Healthcare,Public,300020.0,121270000000.0,131704 - 263406,"['sql', 'r', 'python']",131704,263406.0,"['sql', 'r', 'python']",197555.0,131704 - 263406,121270000000.0,300020.0
data scientist,midlevel,on-site,company_316,"Noida, Uttar Pradesh, India",6 days ago,"Eden Prairie, MN, US",Healthcare,Public,37940.0,,18195,"['r', 'python', 'sql', 'hadoop', 'machine learning']",18195,18195.0,"['r', 'python', 'sql', 'hadoop', 'machine learning']",18195.0,18195,,37940.0
data scientist,senior,,company_250,"Birmingham, MI",a month ago,"Paris, FR",Healthcare,Private,76060.0,,69597 - 86951,"['pandas', 'aws', 'scikit-learn', 'python', 'sql', 'machine learning', 'gcp', 'azure']",69597,86951.0,"['pandas', 'aws', 'scikit-learn', 'python', 'sql', 'machine learning', 'gcp', 'azure']",78274.0,69597 - 86951,,76060.0
machine learning engineer,senior,,company_941,"Bengaluru, Karnataka, India",14 days ago,"Dublin, IE",Technology,Public,492225.0,153300000000.0,10525 - 26186,"['azure', 'machine learning', 'python']",10525,26186.0,"['azure', 'machine learning', 'python']",18355.5,10525 - 26186,153300000000.0,492225.0
data scientist,senior,on-site,company_310,"Doral, FL",2 days ago,"Arlington, VA, US",Technology,Public,20010.0,,63112 - 129236,"['r', 'python', 'sql', 'machine learning', 'tableau']",63112,129236.0,"['r', 'python', 'sql', 'machine learning', 'tableau']",96174.0,63112 - 129236,,20010.0
data scientist,senior,,company_763,"Gurugram, Haryana, India",6 days ago,"New York, NY, US",Technology,Public,26640.0,,18678,"['pytorch', 'aws', 'git', 'python', 'java', 'gcp', 'azure', 'tensorflow']",18678,18678.0,"['pytorch', 'aws', 'git', 'python', 'java', 'gcp', 'azure', 'tensorflow']",18678.0,18678,,26640.0
data scientist,lead,,company_993,"Bengaluru, Karnataka, India",7 days ago,"Chennai, TN, IN",Technology,Private,590.0,,23240,"['pytorch', 'aws', 'python', 'docker', 'machine learning', 'gcp', 'deep learning', 'azure', 'tensorflow']",23240,23240.0,"['pytorch', 'aws', 'python', 'docker', 'machine learning', 'gcp', 'deep learning', 'azure', 'tensorflow']",23240.0,23240,,590.0
data scientist,junior,hybrid,company_313,"Toronto, Ontario, Canada",14 days ago,"London, GB",Finance,Public,29530.0,,73455,['python'],73455,73455.0,['python'],73455.0,73455,,29530.0
machine learning engineer,senior,hybrid,company_233,"San Diego, CA",a month ago,"Reston, VA, US",Technology,Public,27390.0,,115179 - 208201,['r'],115179,208201.0,['r'],161690.0,115179 - 208201,,27390.0
data scientist,senior,,company_223,"London, England, United Kingdom",a month ago,"New York, NY, US",Technology,Public,10030.0,,76372,"['powerbi', 'python', 'sql', 'machine learning', 'tableau']",76372,76372.0,"['powerbi', 'python', 'sql', 'machine learning', 'tableau']",76372.0,76372,,10030.0
machine learning engineer,senior,,company_106,"Pune, Maharashtra, India",4 days ago,"København, DK",Logistics,Private,38120.0,34270000000.000004,26752,"['spark', 'aws', 'powerbi', 'python', 'docker', 'sql', 'machine learning', 'gcp', 'kubernetes', 'deep learning', 'azure']",26752,26752.0,"['spark', 'aws', 'powerbi', 'python', 'docker', 'sql', 'machine learning', 'gcp', 'kubernetes', 'deep learning', 'azure']",26752.0,26752,34270000000.000004,38120.0
data scientist,,on-site,company_888,On-site,5 days ago,"London, GB",Technology,Private,600.0,,112341,[],112341,112341.0,[],112341.0,112341,,600.0
data scientist,senior,on-site,company_917,"Mountain View, CA",14 days ago,"Mountain View, CA, US",Technology,Public,258800.0,1390000000000.0,179934 - 265787,"['sql', 'r', 'python']",179934,265787.0,"['sql', 'r', 'python']",222860.5,179934 - 265787,1390000000000.0,258800.0
data scientist,lead,on-site,company_395,"Richmond, VA",a month ago,"McLean, VA, US",Retail,Public,55140.0,36080000000.0,192716 - 219933,"['spark', 'aws', 'r', 'python', 'scala', 'database', 'sql', 'machine learning', 'kubernetes', 'deep learning']",192716,219933.0,"['spark', 'aws', 'r', 'python', 'scala', 'database', 'sql', 'machine learning', 'kubernetes', 'deep learning']",206324.5,192716 - 219933,36080000000.0,55140.0
data scientist,senior,hybrid,company_983,"Fort Meade, MD",23 days ago,"McLean, VA, US",Technology,Public,27070.0,,90424 - 205503,"['machine learning', 'python']",90424,205503.0,"['machine learning', 'python']",147963.5,90424 - 205503,,27070.0
data scientist,senior,on-site,company_003,"Sunnyvale, CA",18 days ago,"Bentonville, AR, US",Retail,Public,352440000000.0,,130611 - 261217,"['pytorch', 'spark', 'r', 'python', 'scala', 'java', 'machine learning', 'deep learning', 'tensorflow']",130611,261217.0,"['pytorch', 'spark', 'r', 'python', 'scala', 'java', 'machine learning', 'deep learning', 'tensorflow']",195914.0,130611 - 261217,,352440000000.0
data scientist,senior,,company_212,"Bengaluru, Karnataka, India",a month ago,"Boston, MA, US",Technology,Public,222500.0,,17919,"['pytorch', 'spark', 'aws', 'python', 'sql', 'machine learning', 'gcp', 'hadoop', 'azure', 'tensorflow']",17919,17919.0,"['pytorch', 'spark', 'aws', 'python', 'sql', 'machine learning', 'gcp', 'hadoop', 'azure', 'tensorflow']",17919.0,17919,,222500.0
data scientist,senior,,company_134,"Gurugram, Haryana, India",a month ago,"Seattle, WA, US",Retail,Public,865476.0,833010000000.0,51263 - 109545,"['amazon', 'spark', 'r', 'python', 'sql', 'machine learning', 'hadoop', 'deep learning']",51263,109545.0,"['amazon', 'spark', 'r', 'python', 'sql', 'machine learning', 'hadoop', 'deep learning']",80404.0,51263 - 109545,833010000000.0,865476.0
data scientist,senior,hybrid,company_183,"Tallinn, Harjumaa, Estonia",a month ago,"Tallinn, EE",Technology,Private,3790.0,,61775,"['pandas', 'numpy', 'spark', 'aws', 'scikit-learn', 'python', 'docker', 'airflow', 'machine learning', 'deep learning']",61775,61775.0,"['pandas', 'numpy', 'spark', 'aws', 'scikit-learn', 'python', 'docker', 'airflow', 'machine learning', 'deep learning']",61775.0,61775,,3790.0
data scientist,senior,,company_993,"Bengaluru, Karnataka, India",a month ago,"Chennai, TN, IN",Technology,Private,590.0,,23238,"['pytorch', 'aws', 'python', 'docker', 'machine learning', 'gcp', 'deep learning', 'azure', 'tensorflow']",23238,23238.0,"['pytorch', 'aws', 'python', 'docker', 'machine learning', 'gcp', 'deep learning', 'azure', 'tensorflow']",23238.0,23238,,590.0
machine learning engineer,lead,on-site,company_244,"Seattle, WA",22 days ago,"New York, NY, US",Finance,Public,290760.0,350070000000.0,196372,"['pandas', 'numpy', 'pytorch', 'scikit-learn', 'machine learning', 'deep learning', 'tensorflow']",196372,196372.0,"['pandas', 'numpy', 'pytorch', 'scikit-learn', 'machine learning', 'deep learning', 'tensorflow']",196372.0,196372,350070000000.0,290760.0
data scientist,senior,,company_614,Ukraine,7 days ago,"Austin, TX, US",Technology,Private,10210.0,,65766,"['amazon', 'deep learning', 'machine learning', 'python']",65766,65766.0,"['amazon', 'deep learning', 'machine learning', 'python']",65766.0,65766,,10210.0
data scientist,senior,,company_171,"Bengaluru, Karnataka, India",20 days ago,"Armonk, NY, US",Technology,Public,524588.0,119330000000.0,33047 - 52697,"['database', 'machine learning', 'java']",33047,52697.0,"['database', 'machine learning', 'java']",42872.0,33047 - 52697,119330000000.0,524588.0
data scientist,midlevel,hybrid,company_357,"Irving, TX",14 days ago,"Basking Ridge, NJ, US",Technology,Public,132030.0,142180000000.0,115081,[],115081,115081.0,[],115081.0,115081,142180000000.0,132030.0
machine learning engineer,midlevel,,company_941,"Bengaluru, Karnataka, India",14 days ago,"Dublin, IE",Technology,Public,492205.0,153200000000.0,10526 - 26187,"['sql', 'python']",10526,26187.0,"['sql', 'python']",18356.5,10526 - 26187,153200000000.0,492205.0
data scientist,,hybrid,company_851,"Chicago, Illinois, United States",2 months ago,"Edison, NJ, US",Technology,Private,3560.0,,127872 - 137005,[],127872,137005.0,[],132438.5,127872 - 137005,,3560.0
data scientist,senior,on-site,company_395,"San Jose, CA",15 days ago,"McLean, VA, US",Retail,Public,55140.0,36030000000.0,158011 - 180296,"['pytorch', 'aws', 'database', 'machine learning', 'tensorflow']",158011,180296.0,"['pytorch', 'aws', 'database', 'machine learning', 'tensorflow']",169153.5,158011 - 180296,36030000000.0,55140.0
data scientist,,remote,company_415,Fully Remote,5 days ago,"New York, NY, US",Technology,Private,900.0,4600000000.0,164405,[],164405,164405.0,[],164405.0,164405,4600000000.0,900.0
data scientist,senior,,company_233,"Tampa, FL",7 days ago,"Reston, VA, US",Technology,Public,27420.0,,77776 - 140590,"['pytorch', 'aws', 'r', 'python', 'docker', 'scikit-learn', 'sql', 'machine learning', 'gcp', 'kubernetes', 'deep learning', 'azure', 'matplotlib', 'tensorflow', 'tableau']",77776,140590.0,"['pytorch', 'aws', 'r', 'python', 'docker', 'scikit-learn', 'sql', 'machine learning', 'gcp', 'kubernetes', 'deep learning', 'azure', 'matplotlib', 'tensorflow', 'tableau']",109183.0,77776 - 140590,,27420.0
data scientist,senior,on-site,company_310,"Annapolis Junction, MD",a month ago,"Arlington, VA, US",Technology,Public,20030.0,,66405 - 136274,"['sql', 'machine learning', 'r', 'python']",66405,136274.0,"['sql', 'machine learning', 'r', 'python']",101339.5,66405 - 136274,,20030.0
data scientist,lead,,company_244,"Bengaluru, Karnataka, India",7 days ago,"New York, NY, US",Finance,Public,290770.0,350370000000.0,27553 - 43657,"['machine learning', 'python']",27553,43657.0,"['machine learning', 'python']",35605.0,27553 - 43657,350370000000.0,290770.0
data scientist,senior,,company_917,"Zurich, Zurich, Switzerland",5 days ago,"Mountain View, CA, US",Technology,Public,258810.0,1440000000000.0,148524 - 185955,[],148524,185955.0,[],167239.5,148524 - 185955,1440000000000.0,258810.0
data scientist,lead,on-site,company_041,"South San Francisco, CA",16 days ago,"BS, CH",Healthcare,Public,93570.0,246930000000.0,159837,"['pytorch', 'aws', 'machine learning', 'gcp', 'azure', 'tensorflow']",159837,159837.0,"['pytorch', 'aws', 'machine learning', 'gcp', 'azure', 'tensorflow']",159837.0,159837,246930000000.0,93570.0
data scientist,midlevel,remote,company_421,"San Salvador, San Salvador, El Salvador",14 days ago,"Cheyenne, WY, US",Technology,,,,25213,"['sql', 'machine learning', 'python']",25213,25213.0,"['sql', 'machine learning', 'python']",25213.0,25213,,
data scientist,lead,,company_366,"Columbia, MD",a month ago,"Columbia, MD, US",Technology,Private,180.0,,100474 - 146140,"['pytorch', 'spark', 'aws', 'r', 'python', 'scikit-learn', 'scala', 'sql', 'machine learning', 'gcp', 'azure', 'tensorflow']",100474,146140.0,"['pytorch', 'spark', 'aws', 'r', 'python', 'scikit-learn', 'scala', 'sql', 'machine learning', 'gcp', 'azure', 'tensorflow']",123307.0,100474 - 146140,,180.0
data scientist,senior,on-site,company_937,"Atlanta, GA",2 months ago,"Atlanta, GA, US",Retail,Public,500010.0,,116908,"['sql', 'tableau', 'python']",116908,116908.0,"['sql', 'tableau', 'python']",116908.0,116908,,500010.0
data scientist,senior,hybrid,company_848,"Cambridge, MA",14 days ago,"Basel, BS, CH",Healthcare,Public,107730.0,161150000000.0,120837 - 224408,"['r', 'python']",120837,224408.0,"['r', 'python']",172622.5,120837 - 224408,161150000000.0,107730.0
data scientist,senior,hybrid,company_980,"Brooklyn Park, MN",21 days ago,"Minneapolis, MN, US",Retail,Public,409060.0,66989999999.99999,86769 - 156182,"['python', 'scala', 'sql', 'machine learning', 'hadoop', 'deep learning']",86769,156182.0,"['python', 'scala', 'sql', 'machine learning', 'hadoop', 'deep learning']",121475.5,86769 - 156182,66989999999.99999,409060.0
data scientist,,hybrid,company_851,"Chennai, Tamil Nadu, India",2 months ago,"Edison, NJ, US",Technology,Private,3520.0,,34569,[],34569,34569.0,[],34569.0,34569,,3520.0
data scientist,senior,on-site,company_003,"Bentonville, AR",16 days ago,"Bentonville, AR, US",Retail,Public,352440000000.0,,98645 - 197284,"['spark', 'r', 'python', 'scala', 'sql', 'machine learning', 'tensorflow']",98645,197284.0,"['spark', 'r', 'python', 'scala', 'sql', 'machine learning', 'tensorflow']",147964.5,98645 - 197284,,352440000000.0
data scientist,senior,on-site,company_985,"Mlaga, Andalusia, Spain",7 days ago,"Chicago, IL, US",Finance,Private,312060.0,,28046,"['pandas', 'numpy', 'python', 'machine learning', 'azure']",28046,28046.0,"['pandas', 'numpy', 'python', 'machine learning', 'azure']",28046.0,28046,,312060.0
data scientist,senior,hybrid,company_994,"Malvern, PA",4 days ago,"Malvern, PA, US",Finance,Private,20600.0,,115087 - 127874,['machine learning'],115087,127874.0,['machine learning'],121480.5,115087 - 127874,,20600.0
machine learning engineer,lead,on-site,company_244,"New York, NY",a month ago,"New York, NY, US",Finance,Public,290740.0,350120000000.0,164408,"['pandas', 'numpy', 'pytorch', 'scikit-learn', 'machine learning', 'deep learning', 'tensorflow']",164408,164408.0,"['pandas', 'numpy', 'pytorch', 'scikit-learn', 'machine learning', 'deep learning', 'tensorflow']",164408.0,164408,350120000000.0,290740.0
machine learning engineer,junior,on-site,company_881,"San Jose, CA",8 months ago,CN,Technology,Private,110010.0,128220000000.0,132436 - 228335,"['pytorch', 'python', 'neural network', 'machine learning', 'deep learning', 'tensorflow']",132436,228335.0,"['pytorch', 'python', 'neural network', 'machine learning', 'deep learning', 'tensorflow']",180385.5,132436 - 228335,128220000000.0,110010.0
data scientist,senior,on-site,company_917,"Sunnyvale, CA",14 days ago,"Mountain View, CA, US",Technology,Public,258790.0,1440000000000.0,207334 - 292273,"['sql', 'r', 'python']",207334,292273.0,"['sql', 'r', 'python']",249803.5,207334 - 292273,1440000000000.0,258790.0
data scientist,senior,on-site,company_392,"Massachusetts, United States",a month ago,"Jacksonville, FL, US",Finance,Public,62030.0,35070000000.0,157012 - 263789,"['spark', 'aws', 'python', 'sql', 'machine learning', 'gcp', 'azure']",157012,263789.0,"['spark', 'aws', 'python', 'sql', 'machine learning', 'gcp', 'azure']",210400.5,157012 - 263789,35070000000.0,62030.0
data scientist,senior,hybrid,company_872,"Alpharetta, GA",7 days ago,"Atlanta, GA, US",Finance,Public,11060.0,18630000000.0,94080,['machine learning'],94080,94080.0,['machine learning'],94080.0,94080,18630000000.0,11060.0
machine learning engineer,midlevel,,company_941,"Bengaluru, Karnataka, India",14 days ago,"Dublin, IE",Technology,Public,492205.0,153250000000.0,10529 - 26190,"['pytorch', 'aws', 'python', 'docker', 'machine learning', 'azure', 'tensorflow']",10529,26190.0,"['pytorch', 'aws', 'python', 'docker', 'machine learning', 'azure', 'tensorflow']",18359.5,10529 - 26190,153250000000.0,492205.0
data scientist,senior,hybrid,company_922,"Hartford, CT",2 months ago,"Hartford, CT, US",Finance,Public,18170.0,21700000000.0,101126 - 151688,"['pandas', 'git', 'python', 'sql', 'matplotlib']",101126,151688.0,"['pandas', 'git', 'python', 'sql', 'matplotlib']",126407.0,101126 - 151688,21700000000.0,18170.0
machine learning engineer,senior,on-site,company_931,"Seattle, WA",14 days ago,"Seattle, WA, US",Technology,Public,26050.0,,252999,"['scala', 'machine learning', 'python']",252999,252999.0,"['scala', 'machine learning', 'python']",252999.0,252999,,26050.0
data scientist,senior,remote,company_832,"California, United States",8 days ago,"Renton, WA, US",Healthcare,,120050.0,,159841,"['r', 'python', 'scala', 'sql', 'machine learning', 'database', 'azure', 'tableau']",159841,159841.0,"['r', 'python', 'scala', 'sql', 'machine learning', 'database', 'azure', 'tableau']",159841.0,159841,,120050.0
data scientist,senior,hybrid,company_081,"New York, NY",7 days ago,"San Francisco, CA, US",Technology,Public,5030.0,4470000000.0,135178 - 168971,[],135178,168971.0,[],152074.5,135178 - 168971,4470000000.0,5030.0
data scientist,senior,hybrid,company_291,"Alpharetta, GA",7 days ago,"Bengaluru, KA, IN",Technology,Public,261070.0,71330000000.0,85860 - 150249,"['pytorch', 'spark', 'aws', 'r', 'python', 'scala', 'java', 'sql', 'machine learning', 'gcp', 'deep learning', 'azure', 'tensorflow', 'tableau']",85860,150249.0,"['pytorch', 'spark', 'aws', 'r', 'python', 'scala', 'java', 'sql', 'machine learning', 'gcp', 'deep learning', 'azure', 'tensorflow', 'tableau']",118054.5,85860 - 150249,71330000000.0,261070.0
data scientist,lead,,company_268,"Singapore, Singapore",20 days ago,"Singapore, SG",Finance,Public,30840.0,,67039,"['spark', 'git', 'python', 'sql', 'machine learning', 'hadoop', 'deep learning']",67039,67039.0,"['spark', 'git', 'python', 'sql', 'machine learning', 'hadoop', 'deep learning']",67039.0,67039,,30840.0
machine learning engineer,senior,on-site,company_883,"Newport Beach, CA",19 days ago,"Walldorf, BW, DE",Technology,Public,117760.0,104210000000.0,114169 - 127869,"['pytorch', 'machine learning', 'database', 'deep learning', 'tensorflow']",114169,127869.0,"['pytorch', 'machine learning', 'database', 'deep learning', 'tensorflow']",121019.0,114169 - 127869,104210000000.0,117760.0
data scientist,senior,on-site,company_134,"Seattle, WA",11 days ago,"Seattle, WA, US",Retail,Public,865476.0,832760000000.0,149803 - 168061,"['amazon', 'aws', 'r', 'python', 'sql', 'machine learning', 'tableau']",149803,168061.0,"['amazon', 'aws', 'r', 'python', 'sql', 'machine learning', 'tableau']",158932.0,149803 - 168061,832760000000.0,865476.0
data scientist,senior,hybrid,company_357,"Irving, TX",6 days ago,"Basking Ridge, NJ, US",Technology,Public,132040.0,142230000000.0,73984,"['pandas', 'numpy', 'pytorch', 'spark', 'r', 'python', 'java', 'sklearn', 'sql', 'machine learning', 'keras', 'deep learning', 'matplotlib', 'tensorflow', 'tableau']",73984,73984.0,"['pandas', 'numpy', 'pytorch', 'spark', 'r', 'python', 'java', 'sklearn', 'sql', 'machine learning', 'keras', 'deep learning', 'matplotlib', 'tensorflow', 'tableau']",73984.0,73984,142230000000.0,132040.0
data scientist,senior,,company_931,"Bengaluru, Karnataka, India",13 days ago,"Seattle, WA, US",Technology,Public,26090.0,,32733,"['sql', 'tableau', 'python']",32733,32733.0,"['sql', 'tableau', 'python']",32733.0,32733,,26090.0
data scientist,senior,remote,company_236,Canada,14 days ago,"Miami, FL, US",Technology,Private,30.0,,137004 - 155270,"['sql', 'machine learning', 'tableau', 'python']",137004,155270.0,"['sql', 'machine learning', 'tableau', 'python']",146137.0,137004 - 155270,,30.0
data scientist,senior,on-site,company_233,"Bethesda, MD",a month ago,"Reston, VA, US",Technology,Public,27410.0,,95587 - 172786,"['amazon', 'aws', 'git', 'r', 'python', 'docker', 'sql', 'kubernetes', 'hadoop']",95587,172786.0,"['amazon', 'aws', 'git', 'r', 'python', 'docker', 'sql', 'kubernetes', 'hadoop']",134186.5,95587 - 172786,,27410.0
data scientist,midlevel,on-site,company_316,"Noida, Uttar Pradesh, India",7 days ago,"Eden Prairie, MN, US",Healthcare,Public,37950.0,,18199,"['spark', 'python', 'sql', 'machine learning', 'deep learning']",18199,18199.0,"['spark', 'python', 'sql', 'machine learning', 'deep learning']",18199.0,18199,,37950.0
data scientist,senior,,company_878,"Noida, Uttar Pradesh, India",16 days ago,"San Jose, CA, US",Technology,Public,21300.0,144670000000.0,29932 - 37411,"['pandas', 'numpy', 'pytorch', 'spark', 'aws', 'python', 'scala', 'sql', 'hadoop', 'machine learning', 'keras', 'azure']",29932,37411.0,"['pandas', 'numpy', 'pytorch', 'spark', 'aws', 'python', 'scala', 'sql', 'hadoop', 'machine learning', 'keras', 'azure']",33671.5,29932 - 37411,144670000000.0,21300.0
data scientist,senior,hybrid,company_781,"Greenwood Village, CO",9 days ago,"Stamford, CT, US",Technology,Public,96040.0,,80559,"['pytorch', 'aws', 'python', 'sql', 'machine learning', 'hadoop', 'azure', 'tensorflow']",80559,80559.0,"['pytorch', 'aws', 'python', 'sql', 'machine learning', 'hadoop', 'azure', 'tensorflow']",80559.0,80559,,96040.0
data scientist,senior,on-site,company_021,On-site,2 days ago,"San Francisco, CA, US",Technology,Public,5570.0,60910000000.0,189974,[],189974,189974.0,[],189974.0,189974,60910000000.0,5570.0
data scientist,senior,on-site,company_288,"Chantilly, VA",a month ago,"Reston, VA, US",Technology,Public,26040.0,63090000000.0,114169,"['aws', 'azure']",114169,114169.0,"['aws', 'azure']",114169.0,114169,63090000000.0,26040.0
data scientist,midlevel,remote,company_421,"Quito, Pichincha, Ecuador",14 days ago,"Cheyenne, WY, US",Technology,,,,25216,"['sql', 'machine learning', 'python']",25216,25216.0,"['sql', 'machine learning', 'python']",25216.0,25216,,
data scientist,midlevel,remote,company_421,"Podgorica, Montenegro",14 days ago,"Cheyenne, WY, US",Technology,,,,25212,"['sql', 'machine learning', 'python']",25212,25212.0,"['sql', 'machine learning', 'python']",25212.0,25212,,
data scientist,senior,hybrid,company_983,"Hickam Village, HI",14 days ago,"McLean, VA, US",Technology,Public,27020.0,,90425 - 205504,"['pandas', 'numpy', 'pytorch', 'spark', 'aws', 'scikit-learn', 'python', 'docker', 'java', 'machine learning', 'gcp', 'kubernetes', 'hadoop', 'azure', 'matplotlib', 'tensorflow']",90425,205504.0,"['pandas', 'numpy', 'pytorch', 'spark', 'aws', 'scikit-learn', 'python', 'docker', 'java', 'machine learning', 'gcp', 'kubernetes', 'hadoop', 'azure', 'matplotlib', 'tensorflow']",147964.5,90425 - 205504,,27020.0
data scientist,lead,,company_366,"Hyderabad, Telangana, India",6 days ago,"Columbia, MD, US",Technology,Private,180.0,,19776,"['pandas', 'numpy', 'aws', 'r', 'python', 'machine learning', 'gcp', 'azure']",19776,19776.0,"['pandas', 'numpy', 'aws', 'r', 'python', 'machine learning', 'gcp', 'azure']",19776.0,19776,,180.0
data scientist,senior,on-site,company_992,"San Francisco, CA",7 days ago,"Sydney, NSW, AU",Technology,Public,6040.0,27920000000.0,184128 - 240389,"['tableau', 'sql', 'r', 'python']",184128,240389.0,"['tableau', 'sql', 'r', 'python']",212258.5,184128 - 240389,27920000000.0,6040.0
data scientist,senior,on-site,company_917,"Mountain View, CA",14 days ago,"Mountain View, CA, US",Technology,Public,258800.0,1290000000000.0,167139 - 247512,"['sql', 'r', 'python']",167139,247512.0,"['sql', 'r', 'python']",207325.5,167139 - 247512,1290000000000.0,258800.0
data scientist,senior,hybrid,company_008,"Chennai, Tamil Nadu, India",21 days ago,"San Jose, CA, US",Technology,Public,34640.0,81660000000.0,33313 - 42993,"['r', 'python', 'sql', 'gcp', 'machine learning']",33313,42993.0,"['r', 'python', 'sql', 'gcp', 'machine learning']",38153.0,33313 - 42993,81660000000.0,34640.0
data scientist,senior,,company_375,"Singapore, Singapore",2 months ago,"Singapore, SG",Technology,Public,36090.0,,104650 - 128175,"['pytorch', 'python', 'scala', 'machine learning', 'deep learning', 'tensorflow']",104650,128175.0,"['pytorch', 'python', 'scala', 'machine learning', 'deep learning', 'tensorflow']",116412.5,104650 - 128175,,36090.0
data scientist,senior,on-site,company_366,"Hyderabad, Telangana, India",4 days ago,"Columbia, MD, US",Technology,Private,180.0,,19777,"['pandas', 'numpy', 'aws', 'r', 'python', 'machine learning', 'gcp', 'azure']",19777,19777.0,"['pandas', 'numpy', 'aws', 'r', 'python', 'machine learning', 'gcp', 'azure']",19777.0,19777,,180.0
data scientist,junior,,company_269,"Charlotte, NC",23 days ago,"Charlotte, NC, US",Finance,Public,274250.0,276770000000.0,132436 - 146136,"['machine learning', 'matplotlib', 'python']",132436,146136.0,"['machine learning', 'matplotlib', 'python']",139286.0,132436 - 146136,276770000000.0,274250.0
data scientist,senior,,company_250,"New York, NY",3 months ago,"Paris, FR",Healthcare,Private,76030.0,,66122 - 99997,"['pandas', 'numpy', 'aws', 'scikit-learn', 'python', 'machine learning', 'azure']",66122,99997.0,"['pandas', 'numpy', 'aws', 'scikit-learn', 'python', 'machine learning', 'azure']",83059.5,66122 - 99997,,76030.0
data scientist,senior,on-site,company_288,"Reston, VA",a month ago,"Reston, VA, US",Technology,Public,26030.0,62740000000.0,114169,"['pytorch', 'aws', 'r', 'python', 'scikit-learn', 'sql', 'machine learning', 'tensorflow', 'tableau']",114169,114169.0,"['pytorch', 'aws', 'r', 'python', 'scikit-learn', 'sql', 'machine learning', 'tensorflow', 'tableau']",114169.0,114169,62740000000.0,26030.0
data scientist,senior,hybrid,company_081,"New York, NY",7 days ago,"San Francisco, CA, US",Technology,Public,5030.0,4720000000.0,135177 - 168970,[],135177,168970.0,[],152073.5,135177 - 168970,4720000000.0,5030.0
data scientist,midlevel,hybrid,company_008,"Tondiarpet, Tamil Nadu, India",7 days ago,"San Jose, CA, US",Technology,Public,34640.0,81810000000.0,24064 - 45170,"['pytorch', 'scikit-learn', 'python', 'machine learning', 'tensorflow']",24064,45170.0,"['pytorch', 'scikit-learn', 'python', 'machine learning', 'tensorflow']",34617.0,24064 - 45170,81810000000.0,34640.0
machine learning engineer,senior,on-site,company_156,"Mountain View, California HQ",7 days ago,"Mountain View, CA, US",Technology,Private,900.0,8100000000.0,167893 - 252056,[],167893,252056.0,[],209974.5,167893 - 252056,8100000000.0,900.0
data scientist,senior,on-site,company_980,"Bengaluru, Karnataka, India",2 months ago,"Minneapolis, MN, US",Retail,Public,409050.0,66890000000.0,31213 - 58200,"['spark', 'machine learning', 'python']",31213,58200.0,"['spark', 'machine learning', 'python']",44706.5,31213 - 58200,66890000000.0,409050.0
machine learning engineer,junior,on-site,company_881,"San Jose, CA",14 days ago,CN,Technology,Private,110010.0,128020000000.00002,132436 - 216919,"['pytorch', 'python', 'machine learning', 'deep learning', 'tensorflow']",132436,216919.0,"['pytorch', 'python', 'machine learning', 'deep learning', 'tensorflow']",174677.5,132436 - 216919,128020000000.00002,110010.0
data scientist,senior,hybrid,company_083,"London, England, United Kingdom",3 months ago,"Paris, IDF, FR",Technology,Private,263560.0,25310000000.0,73983,"['pytorch', 'aws', 'scikit-learn', 'docker', 'deep learning', 'machine learning', 'kubernetes', 'keras', 'azure', 'tensorflow']",73983,73983.0,"['pytorch', 'aws', 'scikit-learn', 'docker', 'deep learning', 'machine learning', 'kubernetes', 'keras', 'azure', 'tensorflow']",73983.0,73983,25310000000.0,263560.0
data scientist,senior,,company_134,"North Reading, MA",a month ago,"Seattle, WA, US",Retail,Public,865456.0,832910000000.0,155274 - 182674,"['amazon', 'r', 'python', 'sql', 'machine learning']",155274,182674.0,"['amazon', 'r', 'python', 'sql', 'machine learning']",168974.0,155274 - 182674,832910000000.0,865456.0
data scientist,senior,hybrid,company_183,"Berlin, Berlin, Germany",7 days ago,"Tallinn, EE",Technology,Private,3800.0,,98643,"['sql', 'r', 'python']",98643,98643.0,"['sql', 'r', 'python']",98643.0,98643,,3800.0
data scientist,senior,on-site,company_291,"Atlanta, GA",16 days ago,"Bengaluru, KA, IN",Technology,Public,261010.0,71230000000.0,85861 - 150250,"['pytorch', 'spark', 'aws', 'r', 'python', 'scala', 'java', 'sql', 'machine learning', 'gcp', 'deep learning', 'azure', 'tensorflow', 'tableau']",85861,150250.0,"['pytorch', 'spark', 'aws', 'r', 'python', 'scala', 'java', 'sql', 'machine learning', 'gcp', 'deep learning', 'azure', 'tensorflow', 'tableau']",118055.5,85861 - 150250,71230000000.0,261010.0
data scientist,senior,on-site,company_308,"Mountain View, CA",14 days ago,"Redmond, WA, US",Technology,Public,182308.0,1730000000000.0,144680 - 235647,"['sql', 'python']",144680,235647.0,"['sql', 'python']",190163.5,144680 - 235647,1730000000000.0,182308.0
data scientist,senior,,company_270,"Boston, MA",2 months ago,"Woonsocket, RI, US",Healthcare,Public,300050.0,121170000000.0,131703 - 263405,"['aws', 'python', 'sql', 'machine learning', 'gcp', 'azure']",131703,263405.0,"['aws', 'python', 'sql', 'machine learning', 'gcp', 'azure']",197554.0,131703 - 263405,121170000000.0,300050.0
data scientist,senior,remote,company_038,"Stockholm, Stockholm County, Sweden",7 days ago,"Kista, SE",Technology,Public,132000.0,17410000000.0,52506,"['spark', 'scikit-learn', 'python', 'scala', 'java', 'machine learning', 'keras', 'deep learning', 'tensorflow']",52506,52506.0,"['spark', 'scikit-learn', 'python', 'scala', 'java', 'machine learning', 'keras', 'deep learning', 'tensorflow']",52506.0,52506,17410000000.0,132000.0
data scientist,senior,,company_993,"Chennai, Tamil Nadu, India",11 days ago,"Chennai, TN, IN",Technology,Private,590.0,,23239,"['aws', 'scikit-learn', 'python', 'machine learning', 'gcp', 'keras', 'deep learning', 'tensorflow']",23239,23239.0,"['aws', 'scikit-learn', 'python', 'machine learning', 'gcp', 'keras', 'deep learning', 'tensorflow']",23239.0,23239,,590.0
data scientist,,remote,company_169,Fully Remote,2 days ago,"San Francisco, CA, US",Technology,Public,4110.0,7790000000.0,158829 - 178648,[],158829,178648.0,[],168738.5,158829 - 178648,7790000000.0,4110.0
data scientist,senior,hybrid,company_008,"Bengaluru, Karnataka, India",8 days ago,"San Jose, CA, US",Technology,Public,34680.0,82450000000.0,33111 - 47625,[],33111,47625.0,[],40368.0,33111 - 47625,82450000000.0,34680.0
data scientist,midlevel,hybrid,company_983,"Herndon, VA",8 days ago,"McLean, VA, US",Technology,Public,27010.0,,71394 - 161915,"['aws', 'machine learning', 'python']",71394,161915.0,"['aws', 'machine learning', 'python']",116654.5,71394 - 161915,,27010.0
data scientist,midlevel,on-site,company_395,"McLean, VA",a month ago,"McLean, VA, US",Retail,Public,55090.0,36490000000.0,159156 - 181602,"['spark', 'aws', 'r', 'python', 'scala', 'sql', 'machine learning', 'database', 'deep learning']",159156,181602.0,"['spark', 'aws', 'r', 'python', 'scala', 'sql', 'machine learning', 'database', 'deep learning']",170379.0,159156 - 181602,36490000000.0,55090.0
data scientist,senior,on-site,company_003,"Bentonville, AR",18 days ago,"Bentonville, AR, US",Retail,Public,354990000000.0,,82797 - 165590,"['spark', 'r', 'python', 'scala', 'sql', 'machine learning', 'tensorflow']",82797,165590.0,"['spark', 'r', 'python', 'scala', 'sql', 'machine learning', 'tensorflow']",124193.5,82797 - 165590,,354990000000.0
machine learning engineer,senior,,company_941,"Bengaluru, Karnataka, India",8 days ago,"Dublin, IE",Technology,Public,492205.0,154060000000.0,20441,"['aws', 'gcp', 'azure']",20441,20441.0,"['aws', 'gcp', 'azure']",20441.0,20441,154060000000.0,492205.0
data scientist,senior,hybrid,company_008,"Scottsdale, AZ",3 months ago,"San Jose, CA, US",Technology,Public,34690.0,82100000000.0,113614 - 195810,"['hadoop', 'sql']",113614,195810.0,"['hadoop', 'sql']",154712.0,113614 - 195810,82100000000.0,34690.0
data scientist,midlevel,hybrid,company_983,"Annapolis Junction, MD",6 days ago,"McLean, VA, US",Technology,Public,27030.0,,71396 - 161917,"['linux', 'machine learning', 'r', 'python']",71396,161917.0,"['linux', 'machine learning', 'r', 'python']",116656.5,71396 - 161917,,27030.0
data scientist,senior,on-site,company_003,"Sunnyvale, CA",17 days ago,"Bentonville, AR, US",Retail,Public,354990000000.0,,107637 - 215269,"['numpy', 'pytorch', 'spark', 'r', 'python', 'scikit-learn', 'scala', 'bash', 'java', 'sql', 'machine learning', 'gcp', 'deep learning', 'matplotlib', 'tensorflow']",107637,215269.0,"['numpy', 'pytorch', 'spark', 'r', 'python', 'scikit-learn', 'scala', 'bash', 'java', 'sql', 'machine learning', 'gcp', 'deep learning', 'matplotlib', 'tensorflow']",161453.0,107637 - 215269,,354990000000.0
data scientist,senior,on-site,company_003,"Sunnyvale, CA",17 days ago,"Bentonville, AR, US",Retail,Public,354990000000.0,,131555 - 263105,"['numpy', 'pytorch', 'spark', 'r', 'python', 'scikit-learn', 'scala', 'bash', 'java', 'sql', 'machine learning', 'gcp', 'deep learning', 'matplotlib', 'tensorflow']",131555,263105.0,"['numpy', 'pytorch', 'spark', 'r', 'python', 'scikit-learn', 'scala', 'bash', 'java', 'sql', 'machine learning', 'gcp', 'deep learning', 'matplotlib', 'tensorflow']",197330.0,131555 - 263105,,354990000000.0
data scientist,midlevel,on-site,company_917,"Boulder, CO",5 days ago,"Mountain View, CA, US",Technology,Public,258780.0,1450000000000.0,152711 - 224466,"['sql', 'r', 'python']",152711,224466.0,"['sql', 'r', 'python']",188588.5,152711 - 224466,1450000000000.0,258780.0
data scientist,senior,on-site,company_134,"Santa Barbara, CA",18 days ago,"Seattle, WA, US",Retail,Public,865436.0,839030000000.0,160991,"['amazon', 'r', 'python', 'sql', 'tableau']",160991,160991.0,"['amazon', 'r', 'python', 'sql', 'tableau']",160991.0,160991,839030000000.0,865436.0
data scientist,senior,on-site,company_134,"Bellevue, WA",a month ago,"Seattle, WA, US",Retail,Public,865466.0,838830000000.0,150883 - 178472,"['amazon', 'aws', 'r', 'python', 'sql', 'machine learning', 'tableau']",150883,178472.0,"['amazon', 'aws', 'r', 'python', 'sql', 'machine learning', 'tableau']",164677.5,150883 - 178472,838830000000.0,865466.0
machine learning engineer,midlevel,,company_941,"Bengaluru, Karnataka, India",15 days ago,"Dublin, IE",Technology,Public,492195.0,154410000000.0,10605 - 26380,"['sql', 'python']",10605,26380.0,"['sql', 'python']",18492.5,10605 - 26380,154410000000.0,492195.0
data scientist,senior,on-site,company_003,"Sunnyvale, CA",7 days ago,"Bentonville, AR, US",Retail,Public,354990000000.0,,107641 - 215273,"['pytorch', 'spark', 'r', 'python', 'scala', 'machine learning', 'tensorflow']",107641,215273.0,"['pytorch', 'spark', 'r', 'python', 'scala', 'machine learning', 'tensorflow']",161457.0,107641 - 215273,,354990000000.0
data scientist,senior,hybrid,company_983,"McLean, VA",a day ago,"McLean, VA, US",Technology,Public,27060.0,,91081 - 206992,"['spark', 'python', 'sql', 'hadoop', 'machine learning']",91081,206992.0,"['spark', 'python', 'sql', 'hadoop', 'machine learning']",149036.5,91081 - 206992,,27060.0
data scientist,midlevel,hybrid,company_395,"Richmond, VA",14 days ago,"McLean, VA, US",Retail,Public,55110.0,36640000000.0,145905 - 166511,"['spark', 'aws', 'r', 'python', 'scala', 'sql', 'machine learning', 'database', 'deep learning']",145905,166511.0,"['spark', 'aws', 'r', 'python', 'scala', 'sql', 'machine learning', 'database', 'deep learning']",156208.0,145905 - 166511,36640000000.0,55110.0
data scientist,senior,hybrid,company_008,"San Jose, CA",a month ago,"San Jose, CA, US",Technology,Public,34670.0,82450000000.0,140294 - 241349,[],140294,241349.0,[],190821.5,140294 - 241349,82450000000.0,34670.0
data scientist,senior,on-site,company_917,"New York, NY",15 days ago,"Mountain View, CA, US",Technology,Public,258790.0,1200000000000.0,208832 - 294386,"['sql', 'r', 'python']",208832,294386.0,"['sql', 'r', 'python']",251609.0,208832 - 294386,1200000000000.0,258790.0
data scientist,lead,on-site,company_244,"Plano, TX",a month ago,"New York, NY, US",Finance,Public,290790.0,352750000000.0,137997,"['spark', 'aws', 'r', 'python', 'scikit-learn', 'sql', 'machine learning']",137997,137997.0,"['spark', 'aws', 'r', 'python', 'scikit-learn', 'sql', 'machine learning']",137997.0,137997,352750000000.0,290790.0
data scientist,senior,,company_134,"Bengaluru, Karnataka, India",21 days ago,"Seattle, WA, US",Retail,Public,865416.0,838780000000.0,29758 - 110330,"['amazon', 'r', 'python', 'sql', 'machine learning']",29758,110330.0,"['amazon', 'r', 'python', 'sql', 'machine learning']",70044.0,29758 - 110330,838780000000.0,865416.0
data scientist,midlevel,on-site,company_395,"New York, NY",a month ago,"McLean, VA, US",Retail,Public,55130.0,36340000000.0,159150 - 181596,"['spark', 'aws', 'r', 'python', 'scala', 'sql', 'machine learning', 'database', 'deep learning']",159150,181596.0,"['spark', 'aws', 'r', 'python', 'scala', 'sql', 'machine learning', 'database', 'deep learning']",170373.0,159150 - 181596,36340000000.0,55130.0
data scientist,senior,,company_844,"Atlanta, GA",a month ago,"Mountain View, CA, US",Technology,Public,17050.0,95370000000.0,174789,"['tableau', 'sql', 'r', 'python']",174789,174789.0,"['tableau', 'sql', 'r', 'python']",174789.0,174789,95370000000.0,17050.0
data scientist,senior,,company_083,"Noida, Uttar Pradesh, India",a month ago,"Paris, IDF, FR",Technology,Private,263610.0,25440000000.0,4082 - 10125,"['git', 'r', 'python', 'linux', 'sql', 'tableau']",4082,10125.0,"['git', 'r', 'python', 'linux', 'sql', 'tableau']",7103.5,4082 - 10125,25440000000.0,263610.0
data scientist,senior,on-site,company_941,"Annapolis Junction, MD",25 days ago,"Dublin, IE",Technology,Public,492255.0,154260000000.0,129163 - 244062,"['machine learning', 'python']",129163,244062.0,"['machine learning', 'python']",186612.5,129163 - 244062,154260000000.0,492255.0
data scientist,lead,on-site,company_273,"Bellevue, WA",12 days ago,"Menlo Park, CA, US",Technology,Public,94570.0,232090000000.0,189513 - 258507,"['sql', 'machine learning', 'r', 'python']",189513,258507.0,"['sql', 'machine learning', 'r', 'python']",224010.0,189513 - 258507,232090000000.0,94570.0
data scientist,lead,,company_244,"London, England, United Kingdom",8 days ago,"New York, NY, US",Finance,Public,290800.0,352900000000.0,116803,"['deep learning', 'python']",116803,116803.0,"['deep learning', 'python']",116803.0,116803,352900000000.0,290800.0
data scientist,senior,on-site,company_003,"Bentonville, AR",15 days ago,"Bentonville, AR, US",Retail,Public,354990000000.0,,101194 - 202387,"['pytorch', 'spark', 'r', 'python', 'scala', 'opencv', 'machine learning', 'deep learning', 'tensorflow']",101194,202387.0,"['pytorch', 'spark', 'r', 'python', 'scala', 'opencv', 'machine learning', 'deep learning', 'tensorflow']",151790.5,101194 - 202387,,354990000000.0
data scientist,senior,,company_844,"Mountain View, CA",15 days ago,"Mountain View, CA, US",Technology,Public,17030.0,95170000000.0,170195,"['pandas', 'numpy', 'git', 'scikit-learn', 'python', 'linux', 'sql', 'machine learning', 'tableau']",170195,170195.0,"['pandas', 'numpy', 'git', 'scikit-learn', 'python', 'linux', 'sql', 'machine learning', 'tableau']",170195.0,170195,95170000000.0,17030.0
data scientist,senior,,company_134,"Hyderabad, Telangana, India",a month ago,"Seattle, WA, US",Retail,Public,865476.0,838730000000.0,44815 - 99272,"['amazon', 'aws', 'r', 'python', 'scala', 'sql', 'machine learning', 'tableau']",44815,99272.0,"['amazon', 'aws', 'r', 'python', 'scala', 'sql', 'machine learning', 'tableau']",72043.5,44815 - 99272,838730000000.0,865476.0
data scientist,lead,on-site,company_273,United States,5 days ago,"Menlo Park, CA, US",Technology,Public,94580.0,231890000000.0,232749 - 288865,['machine learning'],232749,288865.0,['machine learning'],260807.0,232749 - 288865,231890000000.0,94580.0
machine learning engineer,senior,,company_941,"Bengaluru, Karnataka, India",8 days ago,"Dublin, IE",Technology,Public,492215.0,154110000000.0,20445,"['aws', 'gcp', 'azure']",20445,20445.0,"['aws', 'gcp', 'azure']",20445.0,20445,154110000000.0,492215.0
data scientist,senior,hybrid,company_003,"Bellevue, WA",15 days ago,"Bentonville, AR, US",Retail,Public,354990000000.0,,143514 - 287023,"['pytorch', 'aws', 'python', 'docker', 'machine learning', 'gcp', 'kubernetes', 'azure', 'tensorflow']",143514,287023.0,"['pytorch', 'aws', 'python', 'docker', 'machine learning', 'gcp', 'kubernetes', 'azure', 'tensorflow']",215268.5,143514 - 287023,,354990000000.0
machine learning engineer,junior,on-site,company_881,"San Jose, CA",14 days ago,CN,Technology,Private,110050.0,129190000000.0,126724 - 218487,"['pytorch', 'python', 'neural network', 'machine learning', 'deep learning', 'tensorflow']",126724,218487.0,"['pytorch', 'python', 'neural network', 'machine learning', 'deep learning', 'tensorflow']",172605.5,126724 - 218487,129190000000.0,110050.0
data scientist,senior,on-site,company_134,"Arlington, VA",25 days ago,"Seattle, WA, US",Retail,Public,865466.0,839030000000.0,160994 - 178472,"['amazon', 'aws', 'r', 'python', 'scala', 'sql', 'machine learning', 'tableau']",160994,178472.0,"['amazon', 'aws', 'r', 'python', 'scala', 'sql', 'machine learning', 'tableau']",169733.0,160994 - 178472,839030000000.0,865466.0
data scientist,midlevel,on-site,company_395,"New York, NY",a month ago,"McLean, VA, US",Retail,Public,55090.0,36490000000.0,159157 - 181603,"['spark', 'aws', 'r', 'python', 'scala', 'sql', 'machine learning', 'database', 'deep learning']",159157,181603.0,"['spark', 'aws', 'r', 'python', 'scala', 'sql', 'machine learning', 'database', 'deep learning']",170380.0,159157 - 181603,36490000000.0,55090.0
data scientist,midlevel,on-site,company_273,"Burlingame, CA",19 days ago,"Menlo Park, CA, US",Technology,Public,94570.0,231940000000.0,159153 - 222628,"['sql', 'machine learning', 'r', 'python']",159153,222628.0,"['sql', 'machine learning', 'r', 'python']",190890.5,159153 - 222628,231940000000.0,94570.0
data scientist,senior,on-site,company_134,"Seattle, WA",a month ago,"Seattle, WA, US",Retail,Public,865476.0,838830000000.0,119600 - 220792,"['amazon', 'aws', 'r', 'python', 'sql', 'machine learning']",119600,220792.0,"['amazon', 'aws', 'r', 'python', 'sql', 'machine learning']",170196.0,119600 - 220792,838830000000.0,865476.0
data scientist,senior,on-site,company_134,"Nashville, TN",11 days ago,"Seattle, WA, US",Retail,Public,865446.0,839080000000.0,118676 - 220788,"['amazon', 'spark', 'r', 'python', 'sql', 'hadoop']",118676,220788.0,"['amazon', 'spark', 'r', 'python', 'sql', 'hadoop']",169732.0,118676 - 220788,839080000000.0,865446.0
machine learning engineer,midlevel,,company_941,"Bengaluru, Karnataka, India",15 days ago,"Dublin, IE",Technology,Public,492255.0,154410000000.0,10605 - 26380,"['sql', 'python']",10605,26380.0,"['sql', 'python']",18492.5,10605 - 26380,154410000000.0,492255.0
data scientist,senior,hybrid,company_008,"Bengaluru, Karnataka, India",8 days ago,"San Jose, CA, US",Technology,Public,34670.0,82200000000.0,33117 - 47631,[],33117,47631.0,[],40374.0,33117 - 47631,82200000000.0,34670.0
machine learning engineer,midlevel,,company_941,"Bengaluru, Karnataka, India",15 days ago,"Dublin, IE",Technology,Public,492215.0,154160000000.0,10602 - 26377,"['pytorch', 'aws', 'python', 'docker', 'machine learning', 'azure', 'tensorflow']",10602,26377.0,"['pytorch', 'aws', 'python', 'docker', 'machine learning', 'azure', 'tensorflow']",18489.5,10602 - 26377,154160000000.0,492215.0
data scientist,midlevel,on-site,company_134,"Seattle, WA",24 days ago,"Seattle, WA, US",Retail,Public,865436.0,838980000000.0,110400 - 220791,"['amazon', 'r', 'python', 'sql', 'machine learning']",110400,220791.0,"['amazon', 'r', 'python', 'sql', 'machine learning']",165595.5,110400 - 220791,838980000000.0,865436.0
data scientist,senior,hybrid,company_008,"Scottsdale, AZ",2 months ago,"San Jose, CA, US",Technology,Public,34660.0,82250000000.0,104879 - 211591,"['sql', 'powerbi', 'tableau', 'python']",104879,211591.0,"['sql', 'powerbi', 'tableau', 'python']",158235.0,104879 - 211591,82250000000.0,34660.0
data scientist,senior,on-site,company_917,"Mountain View, CA",5 days ago,"Mountain View, CA, US",Technology,Public,258770.0,1400000000000.0,129716 - 185832,"['sql', 'r', 'python']",129716,185832.0,"['sql', 'r', 'python']",157774.0,129716 - 185832,1400000000000.0,258770.0
machine learning engineer,midlevel,on-site,company_244,"Palo Alto, CA",a month ago,"New York, NY, US",Finance,Public,290770.0,352550000000.0,131552,"['pandas', 'numpy', 'pytorch', 'scikit-learn', 'machine learning', 'deep learning', 'tensorflow']",131552,131552.0,"['pandas', 'numpy', 'pytorch', 'scikit-learn', 'machine learning', 'deep learning', 'tensorflow']",131552.0,131552,352550000000.0,290770.0
data scientist,lead,,company_244,"Hyderabad, Telangana, India",a month ago,"New York, NY, US",Finance,Public,290770.0,352850000000.0,54950,"['pytorch', 'machine learning', 'tensorflow', 'python']",54950,54950.0,"['pytorch', 'machine learning', 'tensorflow', 'python']",54950.0,54950,352850000000.0,290770.0
data scientist,senior,,company_171,"Bengaluru, Karnataka, India",22 days ago,"Armonk, NY, US",Technology,Public,524628.0,120240000000.0,33283 - 53075,"['docker', 'kubernetes', 'java']",33283,53075.0,"['docker', 'kubernetes', 'java']",43179.0,33283 - 53075,120240000000.0,524628.0
machine learning engineer,senior,,company_941,"Bengaluru, Karnataka, India",8 days ago,"Dublin, IE",Technology,Public,492225.0,154110000000.0,20445,"['aws', 'gcp', 'azure']",20445,20445.0,"['aws', 'gcp', 'azure']",20445.0,20445,154110000000.0,492225.0
data scientist,lead,on-site,company_244,"New York, NY",21 days ago,"New York, NY, US",Finance,Public,290760.0,352900000000.0,165589,"['machine learning', 'r', 'python']",165589,165589.0,"['machine learning', 'r', 'python']",165589.0,165589,352900000000.0,290760.0
data scientist,senior,hybrid,company_003,"Sunnyvale, CA",15 days ago,"Bentonville, AR, US",Retail,Public,354990000000.0,,183991,"['spark', 'r', 'python', 'scala', 'sql', 'machine learning', 'tensorflow']",183991,183991.0,"['spark', 'r', 'python', 'scala', 'sql', 'machine learning', 'tensorflow']",183991.0,183991,,354990000000.0
data scientist,midlevel,on-site,company_134,"North Reading, MA",a month ago,"Seattle, WA, US",Retail,Public,865416.0,839030000000.0,122355 - 220787,"['amazon', 'python', 'sql', 'hadoop', 'machine learning']",122355,220787.0,"['amazon', 'python', 'sql', 'hadoop', 'machine learning']",171571.0,122355 - 220787,839030000000.0,865416.0
machine learning engineer,midlevel,,company_941,"Bengaluru, Karnataka, India",19 days ago,"Dublin, IE",Technology,Public,492235.0,154360000000.0,10604 - 26379,['machine learning'],10604,26379.0,['machine learning'],18491.5,10604 - 26379,154360000000.0,492235.0
data scientist,senior,on-site,company_917,"Dublin, County Dublin, Ireland",8 days ago,"Mountain View, CA, US",Technology,Public,258760.0,1500000000000.0,112544,"['sql', 'r', 'python']",112544,112544.0,"['sql', 'r', 'python']",112544.0,112544,1500000000000.0,258760.0
data scientist,senior,on-site,company_003,"Sunnyvale, CA",17 days ago,"Bentonville, AR, US",Retail,Public,354990000000.0,,131557 - 263107,"['spark', 'r', 'python', 'scala', 'sql', 'machine learning', 'tensorflow']",131557,263107.0,"['spark', 'r', 'python', 'scala', 'sql', 'machine learning', 'tensorflow']",197332.0,131557 - 263107,,354990000000.0
data scientist,midlevel,on-site,company_917,"Mountain View, CA",7 days ago,"Mountain View, CA, US",Technology,Public,258810.0,1200000000000.0,129712 - 185828,"['sql', 'r', 'python']",129712,185828.0,"['sql', 'r', 'python']",157770.0,129712 - 185828,1200000000000.0,258810.0
data engineer,senior,on-site,company_134,"Seattle, WA",3 months ago,"Seattle, WA, US",Retail,Public,865476.0,839080000000.0,119600 - 220792,"['amazon', 'aws']",119600,220792.0,"['amazon', 'aws']",170196.0,119600 - 220792,839080000000.0,865476.0
data scientist,lead,,company_244,"London, England, United Kingdom",19 days ago,"New York, NY, US",Finance,Public,290750.0,352750000000.0,92773 - 146026,[],92773,146026.0,[],119399.5,92773 - 146026,352750000000.0,290750.0
data scientist,lead,on-site,company_273,"Menlo Park, CA",12 days ago,"Menlo Park, CA, US",Technology,Public,94580.0,231890000000.0,189510 - 258504,"['sql', 'machine learning', 'r', 'python']",189510,258504.0,"['sql', 'machine learning', 'r', 'python']",224007.0,189510 - 258504,231890000000.0,94580.0
data scientist,midlevel,on-site,company_395,"McLean, VA",17 days ago,"McLean, VA, US",Retail,Public,55090.0,36340000000.0,159154 - 181600,"['spark', 'aws', 'r', 'python', 'scala', 'sql', 'machine learning', 'database', 'deep learning']",159154,181600.0,"['spark', 'aws', 'r', 'python', 'scala', 'sql', 'machine learning', 'database', 'deep learning']",170377.0,159154 - 181600,36340000000.0,55090.0
data scientist,lead,on-site,company_395,"New York, NY",21 days ago,"McLean, VA, US",Retail,Public,55150.0,36340000000.0,264761 - 302202,"['aws', 'r', 'python', 'scala', 'machine learning', 'database', 'deep learning']",264761,302202.0,"['aws', 'r', 'python', 'scala', 'machine learning', 'database', 'deep learning']",283481.5,264761 - 302202,36340000000.0,55150.0
data scientist,senior,on-site,company_273,"Burlingame, CA",a month ago,"Menlo Park, CA, US",Technology,Public,94560.0,231940000000.0,159157 - 222632,"['sql', 'machine learning', 'r', 'python']",159157,222632.0,"['sql', 'machine learning', 'r', 'python']",190894.5,159157 - 222632,231940000000.0,94560.0
data scientist,senior,,company_844,"San Diego, CA",22 days ago,"Mountain View, CA, US",Technology,Public,17030.0,95220000000.0,163752,"['r', 'python', 'sql', 'machine learning', 'tableau']",163752,163752.0,"['r', 'python', 'sql', 'machine learning', 'tableau']",163752.0,163752,95220000000.0,17030.0
data scientist,senior,on-site,company_134,"Austin, TX",a month ago,"Seattle, WA, US",Retail,Public,865416.0,839080000000.0,156391,"['amazon', 'r', 'python', 'sql', 'machine learning']",156391,156391.0,"['amazon', 'r', 'python', 'sql', 'machine learning']",156391.0,156391,839080000000.0,865416.0
data scientist,lead,on-site,company_395,"New York, NY",a month ago,"McLean, VA, US",Retail,Public,55140.0,36440000000.0,194110 - 221524,"['spark', 'aws', 'r', 'python', 'scala', 'sql', 'machine learning', 'database', 'deep learning']",194110,221524.0,"['spark', 'aws', 'r', 'python', 'scala', 'sql', 'machine learning', 'database', 'deep learning']",207817.0,194110 - 221524,36440000000.0,55140.0
data scientist,senior,,company_171,"Hyderabad, Telangana, India",15 days ago,"Armonk, NY, US",Technology,Public,524568.0,120340000000.0,27474 - 53079,"['database', 'machine learning', 'java']",27474,53079.0,"['database', 'machine learning', 'java']",40276.5,27474 - 53079,120340000000.0,524568.0
data scientist,senior,hybrid,company_983,"Arlington, VA",4 days ago,"McLean, VA, US",Technology,Public,27010.0,,91075 - 206986,"['spark', 'r', 'python', 'sql', 'hadoop', 'machine learning']",91075,206986.0,"['spark', 'r', 'python', 'sql', 'hadoop', 'machine learning']",149030.5,91075 - 206986,,27010.0
data scientist,senior,,company_844,"San Diego, CA",9 days ago,"Mountain View, CA, US",Technology,Public,17050.0,95270000000.0,163754,"['r', 'python', 'sql', 'machine learning', 'tableau']",163754,163754.0,"['r', 'python', 'sql', 'machine learning', 'tableau']",163754.0,163754,95270000000.0,17050.0
data scientist,senior,on-site,company_134,"Seattle, WA",a month ago,"Seattle, WA, US",Retail,Public,865416.0,838730000000.0,110396 - 220787,"['amazon', 'aws', 'r', 'python', 'sql', 'machine learning']",110396,220787.0,"['amazon', 'aws', 'r', 'python', 'sql', 'machine learning']",165591.5,110396 - 220787,838730000000.0,865416.0
data scientist,lead,on-site,company_244,"Columbus, OH",11 days ago,"New York, NY, US",Finance,Public,290780.0,352700000000.0,137996,"['pandas', 'numpy', 'pytorch', 'spark', 'aws', 'scikit-learn', 'python', 'sql', 'keras', 'machine learning', 'tensorflow']",137996,137996.0,"['pandas', 'numpy', 'pytorch', 'spark', 'aws', 'scikit-learn', 'python', 'sql', 'keras', 'machine learning', 'tensorflow']",137996.0,137996,352700000000.0,290780.0
data scientist,midlevel,on-site,company_273,"New York, NY",a month ago,"Menlo Park, CA, US",Technology,Public,94560.0,232140000000.0,133392 - 187668,"['sql', 'machine learning', 'r', 'python']",133392,187668.0,"['sql', 'machine learning', 'r', 'python']",160530.0,133392 - 187668,232140000000.0,94560.0
machine learning engineer,senior,,company_941,"Bengaluru, Karnataka, India",8 days ago,"Dublin, IE",Technology,Public,492215.0,154160000000.0,20440,"['aws', 'gcp', 'azure']",20440,20440.0,"['aws', 'gcp', 'azure']",20440.0,20440,154160000000.0,492215.0
data scientist,senior,on-site,company_134,"Seattle, WA",8 days ago,"Seattle, WA, US",Retail,Public,865466.0,838880000000.0,110393 - 220784,"['amazon', 'spark', 'r', 'python', 'sql', 'hadoop', 'machine learning']",110393,220784.0,"['amazon', 'spark', 'r', 'python', 'sql', 'hadoop', 'machine learning']",165588.5,110393 - 220784,838880000000.0,865466.0
data scientist,senior,on-site,company_917,"Mountain View, CA",5 days ago,"Mountain View, CA, US",Technology,Public,258810.0,1450000000000.0,208825 - 294379,"['sql', 'r', 'python']",208825,294379.0,"['sql', 'r', 'python']",251602.0,208825 - 294379,1450000000000.0,258810.0
data scientist,senior,on-site,company_395,"San Jose, CA",13 days ago,"McLean, VA, US",Retail,Public,55110.0,36490000000.0,133489 - 152347,"['pytorch', 'aws', 'r', 'python', 'scala', 'sql', 'database', 'machine learning']",133489,152347.0,"['pytorch', 'aws', 'r', 'python', 'scala', 'sql', 'database', 'machine learning']",142918.0,133489 - 152347,36490000000.0,55110.0
data scientist,midlevel,hybrid,company_008,"Chicago, IL",2 months ago,"San Jose, CA, US",Technology,Public,34650.0,82450000000.0,113614 - 195810,"['r', 'python', 'sql', 'machine learning', 'tableau']",113614,195810.0,"['r', 'python', 'sql', 'machine learning', 'tableau']",154712.0,113614 - 195810,82450000000.0,34650.0
data scientist,senior,on-site,company_134,"Palo Alto, CA",8 days ago,"Seattle, WA, US",Retail,Public,865466.0,838880000000.0,118677 - 220789,"['amazon', 'r', 'python', 'scala', 'sql', 'machine learning']",118677,220789.0,"['amazon', 'r', 'python', 'scala', 'sql', 'machine learning']",169733.0,118677 - 220789,838880000000.0,865466.0
data scientist,senior,on-site,company_273,"Bellevue, WA",7 days ago,"Menlo Park, CA, US",Technology,Public,94590.0,231940000000.0,133394 - 187670,"['spark', 'powerbi', 'r', 'python', 'sql', 'machine learning', 'tableau']",133394,187670.0,"['spark', 'powerbi', 'r', 'python', 'sql', 'machine learning', 'tableau']",160532.0,133394 - 187670,231940000000.0,94590.0
data scientist,senior,,company_917,"Bengaluru, Karnataka, India",23 days ago,"Mountain View, CA, US",Technology,Public,258810.0,1450000000000.0,42805,"['sql', 'r', 'python']",42805,42805.0,"['sql', 'r', 'python']",42805.0,42805,1450000000000.0,258810.0
data scientist,midlevel,,company_244,"London, England, United Kingdom",7 days ago,"New York, NY, US",Finance,Public,290800.0,352700000000.0,97625,"['sql', 'machine learning', 'python']",97625,97625.0,"['sql', 'machine learning', 'python']",97625.0,97625,352700000000.0,290800.0
data scientist,senior,,company_844,"New York, NY",8 days ago,"Mountain View, CA, US",Technology,Public,17030.0,95070000000.0,170193,"['tableau', 'sql', 'r', 'python']",170193,170193.0,"['tableau', 'sql', 'r', 'python']",170193.0,170193,95070000000.0,17030.0
data scientist,senior,on-site,company_003,"Bentonville, AR",17 days ago,"Bentonville, AR, US",Retail,Public,354990000000.0,,131559 - 263109,"['pytorch', 'spark', 'r', 'python', 'scala', 'machine learning', 'azure', 'tensorflow']",131559,263109.0,"['pytorch', 'spark', 'r', 'python', 'scala', 'machine learning', 'azure', 'tensorflow']",197334.0,131559 - 263109,,354990000000.0
data scientist,senior,on-site,company_003,"Sunnyvale, CA",19 days ago,"Bentonville, AR, US",Retail,Public,354990000000.0,,107640 - 215272,"['numpy', 'pytorch', 'spark', 'r', 'python', 'scikit-learn', 'scala', 'bash', 'java', 'sql', 'machine learning', 'gcp', 'deep learning', 'matplotlib', 'tensorflow']",107640,215272.0,"['numpy', 'pytorch', 'spark', 'r', 'python', 'scikit-learn', 'scala', 'bash', 'java', 'sql', 'machine learning', 'gcp', 'deep learning', 'matplotlib', 'tensorflow']",161456.0,107640 - 215272,,354990000000.0
data scientist,junior,on-site,company_030,Belarus,6 days ago,"Newtown, PA, US",Technology,Public,49540.0,,22087,"['spark', 'aws', 'python', 'sql', 'machine learning', 'gcp', 'azure']",22087,22087.0,"['spark', 'aws', 'python', 'sql', 'machine learning', 'gcp', 'azure']",22087.0,22087,,49540.0
data scientist,lead,on-site,company_917,"San Bruno, CA",8 days ago,"Mountain View, CA, US",Technology,Public,258770.0,1200000000000.0,181232 - 267706,"['sql', 'r', 'python']",181232,267706.0,"['sql', 'r', 'python']",224469.0,181232 - 267706,1200000000000.0,258770.0
machine learning engineer,senior,hybrid,company_008,"San Jose, CA",a month ago,"San Jose, CA, US",Technology,Public,34630.0,82100000000.0,172950 - 298014,"['pytorch', 'python', 'sql', 'machine learning', 'gcp', 'hadoop', 'deep learning', 'tensorflow']",172950,298014.0,"['pytorch', 'python', 'sql', 'machine learning', 'gcp', 'hadoop', 'deep learning', 'tensorflow']",235482.0,172950 - 298014,82100000000.0,34630.0
data scientist,senior,on-site,company_003,"Bentonville, AR",18 days ago,"Bentonville, AR, US",Retail,Public,354990000000.0,,101193 - 202386,"['pytorch', 'spark', 'r', 'python', 'scala', 'neural network', 'machine learning', 'deep learning', 'tensorflow']",101193,202386.0,"['pytorch', 'spark', 'r', 'python', 'scala', 'neural network', 'machine learning', 'deep learning', 'tensorflow']",151789.5,101193 - 202386,,354990000000.0
data scientist,lead,on-site,company_273,"Bellevue, WA",19 days ago,"Menlo Park, CA, US",Technology,Public,94590.0,232190000000.0,232745 - 288861,['machine learning'],232745,288861.0,['machine learning'],260803.0,232745 - 288861,232190000000.0,94590.0
data scientist,senior,on-site,company_917,"Mountain View, CA",15 days ago,"Mountain View, CA, US",Technology,Public,258810.0,1350000000000.0,181229 - 267703,"['sql', 'r', 'python']",181229,267703.0,"['sql', 'r', 'python']",224466.0,181229 - 267703,1350000000000.0,258810.0
data scientist,midlevel,on-site,company_134,"Seattle, WA",2 days ago,"Seattle, WA, US",Retail,Public,865446.0,839080000000.0,110401 - 220792,"['amazon', 'r', 'python', 'sql', 'machine learning']",110401,220792.0,"['amazon', 'r', 'python', 'sql', 'machine learning']",165596.5,110401 - 220792,839080000000.0,865446.0
data scientist,senior,on-site,company_917,"Mountain View, CA",5 days ago,"Mountain View, CA, US",Technology,Public,258820.0,1450000000000.0,168348 - 249302,"['sql', 'r', 'python']",168348,249302.0,"['sql', 'r', 'python']",208825.0,168348 - 249302,1450000000000.0,258820.0
machine learning engineer,midlevel,,company_941,"Bengaluru, Karnataka, India",22 days ago,"Dublin, IE",Technology,Public,492205.0,154110000000.0,10603 - 26378,['machine learning'],10603,26378.0,['machine learning'],18490.5,10603 - 26378,154110000000.0,492205.0
data scientist,senior,remote,company_083,"Gothenburg, Vstra Gtaland County, Sweden",5 days ago,"Paris, IDF, FR",Technology,Private,263570.0,25490000000.0,60795,"['pandas', 'amazon', 'pytorch', 'aws', 'git', 'python', 'docker', 'sql', 'kubernetes', 'azure']",60795,60795.0,"['pandas', 'amazon', 'pytorch', 'aws', 'git', 'python', 'docker', 'sql', 'kubernetes', 'azure']",60795.0,60795,25490000000.0,263570.0
data scientist,senior,on-site,company_395,"San Jose, CA",16 days ago,"McLean, VA, US",Retail,Public,55130.0,36440000000.0,159156 - 181602,"['pytorch', 'aws', 'r', 'python', 'scala', 'sql', 'database', 'machine learning']",159156,181602.0,"['pytorch', 'aws', 'r', 'python', 'scala', 'sql', 'database', 'machine learning']",170379.0,159156 - 181602,36440000000.0,55130.0
data scientist,lead,,company_291,"Delhi Cantonment, Delhi, India",4 days ago,"Bengaluru, KA, IN",Technology,Public,261030.0,71500000000.0,9657,[],9657,9657.0,[],9657.0,9657,71500000000.0,261030.0
data scientist,senior,on-site,company_003,"San Bruno, CA",17 days ago,"Bentonville, AR, US",Retail,Public,354990000000.0,,131556 - 263106,"['spark', 'r', 'python', 'scala', 'sql', 'machine learning', 'tensorflow']",131556,263106.0,"['spark', 'r', 'python', 'scala', 'sql', 'machine learning', 'tensorflow']",197331.0,131556 - 263106,,354990000000.0
data scientist,senior,on-site,company_134,"Bellevue, WA",16 days ago,"Seattle, WA, US",Retail,Public,865476.0,838830000000.0,156392 - 178470,"['amazon', 'aws', 'r', 'python', 'sql', 'tableau']",156392,178470.0,"['amazon', 'aws', 'r', 'python', 'sql', 'tableau']",167431.0,156392 - 178470,838830000000.0,865476.0
data scientist,senior,,company_083,"Camden, NJ",4 months ago,"Paris, IDF, FR",Technology,Private,263580.0,25340000000.0,80371 - 124381,"['r', 'python', 'sql', 'machine learning', 'azure']",80371,124381.0,"['r', 'python', 'sql', 'machine learning', 'azure']",102376.0,80371 - 124381,25340000000.0,263580.0
data scientist,senior,hybrid,company_008,"San Jose, CA",a month ago,"San Jose, CA, US",Technology,Public,34670.0,82200000000.0,113612 - 195808,"['tableau', 'sql', 'r', 'python']",113612,195808.0,"['tableau', 'sql', 'r', 'python']",154710.0,113612 - 195808,82200000000.0,34670.0
data scientist,senior,on-site,company_917,"Chicago, IL",20 days ago,"Mountain View, CA, US",Technology,Public,258790.0,1500000000000.0,181235 - 267709,"['sql', 'machine learning', 'r', 'python']",181235,267709.0,"['sql', 'machine learning', 'r', 'python']",224472.0,181235 - 267709,1500000000000.0,258790.0
data scientist,senior,on-site,company_134,"New York, United States",7 days ago,"Seattle, WA, US",Retail,Public,865426.0,838880000000.0,137999 - 165596,"['amazon', 'r', 'python', 'scala', 'sql', 'machine learning']",137999,165596.0,"['amazon', 'r', 'python', 'scala', 'sql', 'machine learning']",151797.5,137999 - 165596,838880000000.0,865426.0
data scientist,senior,on-site,company_844,"San Francisco, CA",5 days ago,"Mountain View, CA, US",Technology,Public,17020.0,95270000000.0,164672 - 171572,"['sql', 'machine learning', 'r', 'python']",164672,171572.0,"['sql', 'machine learning', 'r', 'python']",168122.0,164672 - 171572,95270000000.0,17020.0
data scientist,senior,on-site,company_244,"New York, NY",6 days ago,"New York, NY, US",Finance,Public,290780.0,352800000000.0,133114 - 193194,"['pandas', 'numpy', 'python', 'sql', 'machine learning', 'tableau']",133114,193194.0,"['pandas', 'numpy', 'python', 'sql', 'machine learning', 'tableau']",163154.0,133114 - 193194,352800000000.0,290780.0
data scientist,midlevel,on-site,company_244,"Plano, TX",6 days ago,"New York, NY, US",Finance,Public,290800.0,352600000000.0,124196 - 197790,"['pytorch', 'spark', 'python', 'sql', 'keras', 'machine learning', 'tensorflow']",124196,197790.0,"['pytorch', 'spark', 'python', 'sql', 'keras', 'machine learning', 'tensorflow']",160993.0,124196 - 197790,352600000000.0,290800.0
data engineer,senior,,company_134,"Vancouver, British Columbia, Canada",21 days ago,"Seattle, WA, US",Retail,Public,865426.0,838830000000.0,95034 - 158785,"['amazon', 'aws', 'python', 'scala', 'java', 'airflow', 'sql']",95034,158785.0,"['amazon', 'aws', 'python', 'scala', 'java', 'airflow', 'sql']",126909.5,95034 - 158785,838830000000.0,865426.0
data scientist,midlevel,on-site,company_273,"Bellevue, WA",19 days ago,"Menlo Park, CA, US",Technology,Public,94580.0,232090000000.0,159150 - 222625,"['sql', 'machine learning', 'r', 'python']",159150,222625.0,"['sql', 'machine learning', 'r', 'python']",190887.5,159150 - 222625,232090000000.0,94580.0
data scientist,senior,on-site,company_003,"Sunnyvale, CA",17 days ago,"Bentonville, AR, US",Retail,Public,354990000000.0,,131554 - 263104,"['spark', 'r', 'python', 'scala', 'sql', 'machine learning', 'tensorflow']",131554,263104.0,"['spark', 'r', 'python', 'scala', 'sql', 'machine learning', 'tensorflow']",197329.0,131554 - 263104,,354990000000.0
machine learning engineer,senior,on-site,company_134,"Seattle, WA",6 days ago,"Seattle, WA, US",Retail,Public,865436.0,838980000000.0,110395 - 220786,"['amazon', 'machine learning']",110395,220786.0,"['amazon', 'machine learning']",165590.5,110395 - 220786,838980000000.0,865436.0
machine learning engineer,midlevel,,company_941,"Bengaluru, Karnataka, India",21 days ago,"Dublin, IE",Technology,Public,492245.0,154210000000.0,10601 - 26376,['machine learning'],10601,26376.0,['machine learning'],18488.5,10601 - 26376,154210000000.0,492245.0
data scientist,midlevel,,company_881,"Singapore, Singapore",a month ago,CN,Technology,Private,110010.0,129039999999.99998,57958 - 103129,"['sql', 'machine learning', 'r', 'python']",57958,103129.0,"['sql', 'machine learning', 'r', 'python']",80543.5,57958 - 103129,129039999999.99998,110010.0
data scientist,senior,hybrid,company_003,"Bentonville, AR",18 days ago,"Bentonville, AR, US",Retail,Public,354990000000.0,,131552 - 263102,"['pytorch', 'spark', 'r', 'python', 'scala', 'java', 'airflow', 'sql', 'machine learning', 'deep learning', 'keras', 'azure', 'tensorflow']",131552,263102.0,"['pytorch', 'spark', 'r', 'python', 'scala', 'java', 'airflow', 'sql', 'machine learning', 'deep learning', 'keras', 'azure', 'tensorflow']",197327.0,131552 - 263102,,354990000000.0
data scientist,senior,,company_844,"Mountain View, CA",8 days ago,"Mountain View, CA, US",Technology,Public,17050.0,95370000000.0,170195,"['spark', 'r', 'python', 'sql', 'tableau']",170195,170195.0,"['spark', 'r', 'python', 'sql', 'tableau']",170195.0,170195,95370000000.0,17050.0
data scientist,senior,on-site,company_917,"Los Angeles, CA",15 days ago,"Mountain View, CA, US",Technology,Public,258790.0,1150000000000.0,129711 - 185827,"['spark', 'r', 'python', 'sql', 'hadoop', 'machine learning']",129711,185827.0,"['spark', 'r', 'python', 'sql', 'hadoop', 'machine learning']",157769.0,129711 - 185827,1150000000000.0,258790.0
data scientist,senior,hybrid,company_008,"Bengaluru, Karnataka, India",8 days ago,"San Jose, CA, US",Technology,Public,34650.0,82400000000.0,24239 - 47626,"['sql', 'machine learning', 'python']",24239,47626.0,"['sql', 'machine learning', 'python']",35932.5,24239 - 47626,82400000000.0,34650.0
data scientist,senior,,company_171,"Bengaluru, Karnataka, India",a day ago,"Armonk, NY, US",Technology,Public,524598.0,120290000000.0,33288 - 53080,"['pytorch', 'python', 'sql', 'machine learning', 'deep learning', 'tensorflow']",33288,53080.0,"['pytorch', 'python', 'sql', 'machine learning', 'deep learning', 'tensorflow']",43184.0,33288 - 53080,120290000000.0,524598.0
machine learning engineer,senior,,company_134,"Melbourne, Victoria, Australia",a month ago,"Seattle, WA, US",Retail,Public,865456.0,838780000000.0,64290,"['amazon', 'machine learning']",64290,64290.0,"['amazon', 'machine learning']",64290.0,64290,838780000000.0,865456.0
data scientist,midlevel,on-site,company_395,"McLean, VA",11 days ago,"McLean, VA, US",Retail,Public,55150.0,36290000000.0,145904 - 166510,"['spark', 'aws', 'r', 'python', 'scala', 'sql', 'database', 'machine learning']",145904,166510.0,"['spark', 'aws', 'r', 'python', 'scala', 'sql', 'database', 'machine learning']",156207.0,145904 - 166510,36290000000.0,55150.0
data scientist,midlevel,on-site,company_395,"New York, NY",17 days ago,"McLean, VA, US",Retail,Public,55110.0,36340000000.0,159149 - 181595,"['spark', 'aws', 'r', 'python', 'scala', 'sql', 'machine learning', 'database', 'deep learning']",159149,181595.0,"['spark', 'aws', 'r', 'python', 'scala', 'sql', 'machine learning', 'database', 'deep learning']",170372.0,159149 - 181595,36340000000.0,55110.0
data scientist,senior,on-site,company_844,"San Diego, CA",8 days ago,"Mountain View, CA, US",Technology,Public,17040.0,95220000000.0,195486 - 201926,"['r', 'python', 'scala', 'sql', 'machine learning', 'deep learning']",195486,201926.0,"['r', 'python', 'scala', 'sql', 'machine learning', 'deep learning']",198706.0,195486 - 201926,95220000000.0,17040.0
